Name,Disabled,FileName,ExportName,Character,Skin,IsPicto,BattleCategory,Rarity,EmoteType,SoundEffect,SfxIndex,LockedForChronos,EmoteBundles,IsDefaultBattleEmote
string,boolean,string,string,string,string,boolean,String,String,String,String,int,boolean,String,boolean
emoji_8bit,,sc/ui.sc,emoji_8bit,Arcade,,TRUE,DEFAULT,DEFAULT,DEFAULT,8bit_start_vo,0,,,
emoji_8bit_angry,,sc/ui.sc,emoji_8bit_angry,Arcade,,,ANGRY,COMMON,ANGRY,8bit_hurt_vo,0,,,
emoji_8bit_gg,,sc/ui.sc,emoji_8bit_gg,Arcade,,,SPECIAL,RARE,GG,8bit_kill_vo,1,,,
emoji_8bit_sad,,sc/ui.sc,emoji_8bit_sad,Arcade,,,SAD,COMMON,SAD,8bit_die_vo,3,,,
emoji_8bit_thanks,,sc/ui.sc,emoji_8bit_thanks,Arcade,,,SPECIAL,EPIC,THANKS,8bit_kill_vo,2,,,
emoji_angry,,sc/ui.sc,emoji_angry,,,,ANGRY,DEFAULT,ANGRY,,,,,
emoji_annoyed,,sc/ui.sc,emoji_annoyed,,,,ANGRY,DEFAULT,ANGRY,,,,,
emoji_barley,,sc/ui.sc,emoji_barley,Barkeep,,TRUE,DEFAULT,DEFAULT,DEFAULT,Barley_Die,1,,,
emoji_barley_angry,,sc/ui.sc,emoji_barley_angry,Barkeep,,,ANGRY,COMMON,ANGRY,Barley_Hurt,0,,,
emoji_barley_gg,,sc/ui.sc,emoji_barley_gg,Barkeep,,,SPECIAL,RARE,GG,Barley_Start,0,,,
emoji_barley_sad,,sc/ui.sc,emoji_barley_sad,Barkeep,,,SAD,COMMON,SAD,Barley_Hurt,2,,,
emoji_barley_thanks,,sc/ui.sc,emoji_barley_thanks,Barkeep,,,SPECIAL,EPIC,THANKS,Barley_Start,3,,,
emoji_bea,,sc/ui.sc,emoji_bea,BeeSniper,,TRUE,DEFAULT,DEFAULT,DEFAULT,Bea_Start_VO,3,,,
emoji_bea_angry,,sc/ui.sc,emoji_bea_angry,BeeSniper,,,ANGRY,COMMON,ANGRY,Bea_Hurt_VO,0,,,
emoji_bea_gg,,sc/ui.sc,emoji_bea_gg,BeeSniper,,,SPECIAL,RARE,GG,Bea_Lead_VO,1,,,
emoji_bea_sad,,sc/ui.sc,emoji_bea_sad,BeeSniper,,,SAD,COMMON,SAD,Bea_Die_VO,1,,,
emoji_bea_thanks,,sc/ui.sc,emoji_bea_thanks,BeeSniper,,,SPECIAL,EPIC,THANKS,Bea_Lead_VO,2,,,
emoji_bibi,,sc/ui.sc,emoji_bibi,Baseball,,TRUE,DEFAULT,DEFAULT,DEFAULT,Bibi_kill_vo,1,,,
emoji_bibi_angry,,sc/ui.sc,emoji_bibi_angry,Baseball,,,ANGRY,COMMON,ANGRY,Bibi_hurt_vo,1,,,
emoji_bibi_gg,,sc/ui.sc,emoji_bibi_gg,Baseball,,,SPECIAL,RARE,GG,Bibi_kill_vo,3,,,
emoji_bibi_sad,,sc/ui.sc,emoji_bibi_sad,Baseball,,,SAD,COMMON,SAD,Bibi_die_vo,0,,,
emoji_bibi_thanks,,sc/ui.sc,emoji_bibi_thanks,Baseball,,,SPECIAL,EPIC,THANKS,Bibi_lead_vo,3,,,
emoji_blank,,sc/ui.sc,emoji_blank,,,,SAD,DEFAULT,SAD,,,,,
emoji_bo,,sc/ui.sc,emoji_bo,BowDude,,TRUE,DEFAULT,DEFAULT,DEFAULT,Bo_ulti_vo,2,,,
emoji_bo_angry,,sc/ui.sc,emoji_bo_angry,BowDude,,,ANGRY,COMMON,ANGRY,Bo_hurt,3,,,
emoji_bo_gg,,sc/ui.sc,emoji_bo_gg,BowDude,,,SPECIAL,RARE,GG,Bo_ulti_vo,0,,,
emoji_bo_sad,,sc/ui.sc,emoji_bo_sad,BowDude,,,SAD,COMMON,SAD,Bo_hurt,2,,,
emoji_bo_thanks,,sc/ui.sc,emoji_bo_thanks,BowDude,,,SPECIAL,EPIC,THANKS,Bo_start,0,,,
emoji_bothered,,sc/ui.sc,emoji_bothered,,,,PLAYER_2,DEFAULT,ANGRY,,,,,TRUE
emoji_brock,,sc/ui.sc,emoji_brock,RocketGirl,,TRUE,DEFAULT,DEFAULT,DEFAULT,Brock_start_vo,2,,,
emoji_brock_angry,,sc/ui.sc,emoji_brock_angry,RocketGirl,,,ANGRY,COMMON,ANGRY,Brock_hurt_vo,4,,,
emoji_brock_gg,,sc/ui.sc,emoji_brock_gg,RocketGirl,,,SPECIAL,RARE,GG,Brock_kill_vo,3,,,
emoji_brock_sad,,sc/ui.sc,emoji_brock_sad,RocketGirl,,,SAD,COMMON,SAD,Brock_hurt_vo,0,,,
emoji_brock_thanks,,sc/ui.sc,emoji_brock_thanks,RocketGirl,,,SPECIAL,EPIC,THANKS,Brock_start_vo,3,,,
emoji_bull,,sc/ui.sc,emoji_bull,BullDude,,TRUE,DEFAULT,DEFAULT,DEFAULT,Bull_start,2,,,
emoji_bull_angry,,sc/ui.sc,emoji_bull_angry,BullDude,,,ANGRY,COMMON,ANGRY,Bull_ulti,2,,,
emoji_bull_gg,,sc/ui.sc,emoji_bull_gg,BullDude,,,SPECIAL,RARE,GG,Bull_start,1,,,
emoji_bull_sad,,sc/ui.sc,emoji_bull_sad,BullDude,,,SAD,COMMON,SAD,Bull_die,3,,,
emoji_bull_thanks,,sc/ui.sc,emoji_bull_thanks,BullDude,,,SPECIAL,EPIC,THANKS,Bull_lead,0,,,
emoji_carl,,sc/ui.sc,emoji_carl,Whirlwind,,TRUE,DEFAULT,DEFAULT,DEFAULT,Carl_start_vo,0,,,
emoji_carl_angry,,sc/ui.sc,emoji_carl_angry,Whirlwind,,,ANGRY,COMMON,ANGRY,Carl_hurt_vo,2,,,
emoji_carl_gg,,sc/ui.sc,emoji_carl_gg,Whirlwind,,,SPECIAL,RARE,GG,Carl_start_vo,1,,,
emoji_carl_sad,,sc/ui.sc,emoji_carl_sad,Whirlwind,,,SAD,COMMON,SAD,Carl_die_vo,0,,,
emoji_carl_thanks,,sc/ui.sc,emoji_carl_thanks,Whirlwind,,,SPECIAL,EPIC,THANKS,Carl_start_vo,2,,,
emoji_colt,,sc/ui.sc,emoji_colt,Gunslinger,,TRUE,DEFAULT,DEFAULT,DEFAULT,Hotshot_Start,1,,,
emoji_colt_angry,,sc/ui.sc,emoji_colt_angry,Gunslinger,,,ANGRY,COMMON,ANGRY,Hotshot_Takedamge_Vo,2,,,
emoji_colt_gg,,sc/ui.sc,emoji_colt_gg,Gunslinger,,,SPECIAL,RARE,GG,Hotshot_Lead,4,,,
emoji_colt_sad,,sc/ui.sc,emoji_colt_sad,Gunslinger,,,SAD,COMMON,SAD,Hotshot_Takedamge_Vo,5,,,
emoji_colt_thanks,,sc/ui.sc,emoji_colt_thanks,Gunslinger,,,SPECIAL,EPIC,THANKS,Hotshot_Start,2,,,
emoji_crow,,sc/ui.sc,emoji_crow,Crow,,TRUE,DEFAULT,DEFAULT,DEFAULT,Crow_Start,0,,,
emoji_crow_angry,,sc/ui.sc,emoji_crow_angry,Crow,,,ANGRY,COMMON,ANGRY,Crow_Takedamage,4,,,
emoji_crow_gg,,sc/ui.sc,emoji_crow_gg,Crow,,,SPECIAL,RARE,GG,Crow_Kill,2,,,
emoji_crow_sad,,sc/ui.sc,emoji_crow_sad,Crow,,,SAD,COMMON,SAD,Crow_Takedamage,0,,,
emoji_crow_thanks,,sc/ui.sc,emoji_crow_thanks,Crow,,,SPECIAL,EPIC,THANKS,Crow_Lead,1,,,
emoji_darryl,,sc/ui.sc,emoji_darryl,BarrelBot,,TRUE,DEFAULT,DEFAULT,DEFAULT,Darryl_Start_VO,3,,,
emoji_darryl_angry,,sc/ui.sc,emoji_darryl_angry,BarrelBot,,,ANGRY,COMMON,ANGRY,Darryl_Hurt_VO,5,,,
emoji_darryl_gg,,sc/ui.sc,emoji_darryl_gg,BarrelBot,,,SPECIAL,RARE,GG,Darryl_Start_VO,4,,,
emoji_darryl_sad,,sc/ui.sc,emoji_darryl_sad,BarrelBot,,,SAD,COMMON,SAD,Darryl_Die_VO,5,,,
emoji_darryl_thanks,,sc/ui.sc,emoji_darryl_thanks,BarrelBot,,,SPECIAL,EPIC,THANKS,Darryl_Start_VO,6,,,
emoji_dynamike,,sc/ui.sc,emoji_dynamike,TntDude,,TRUE,DEFAULT,DEFAULT,DEFAULT,Tnt_guy_start_vo,1,,,
emoji_dynamike_angry,,sc/ui.sc,emoji_dynamike_angry,TntDude,,,ANGRY,COMMON,ANGRY,Tnt_guy_hurt_vo,2,,,
emoji_dynamike_gg,,sc/ui.sc,emoji_dynamike_gg,TntDude,,,SPECIAL,RARE,GG,Tnt_guy_start_vo,2,,,
emoji_dynamike_sad,,sc/ui.sc,emoji_dynamike_sad,TntDude,,,SAD,COMMON,SAD,Tnt_guy_hurt_vo,3,,,
emoji_dynamike_thanks,,sc/ui.sc,emoji_dynamike_thanks,TntDude,,,SPECIAL,EPIC,THANKS,Tnt_guy_lead_vo,0,,,
emoji_ecstatic,,sc/ui.sc,emoji_ecstatic,,,,HAPPY,DEFAULT,HAPPY,,,,,
emoji_emz,,sc/ui.sc,emoji_emz,Mummy,,TRUE,DEFAULT,DEFAULT,DEFAULT,Emz_start_vo,1,,,
emoji_emz_angry,,sc/ui.sc,emoji_emz_angry,Mummy,,,ANGRY,COMMON,ANGRY,Emz_hurt_vo,3,,,
emoji_emz_gg,,sc/ui.sc,emoji_emz_gg,Mummy,,,SPECIAL,RARE,GG,Emz_lead_vo,3,,,
emoji_emz_sad,,sc/ui.sc,emoji_emz_sad,Mummy,,,SAD,COMMON,SAD,Emz_hurt_vo,4,,,
emoji_emz_thanks,,sc/ui.sc,emoji_emz_thanks,Mummy,,,SPECIAL,EPIC,THANKS,Emz_lead_vo,2,,,
emoji_frank,,sc/ui.sc,emoji_frank,HammerDude,,TRUE,DEFAULT,DEFAULT,DEFAULT,Frank_Gadget,0,,,
emoji_frank_angry,,sc/ui.sc,emoji_frank_angry,HammerDude,,,ANGRY,COMMON,ANGRY,Frank_vo,5,,,
emoji_frank_gg,,sc/ui.sc,emoji_frank_gg,HammerDude,,,SPECIAL,RARE,GG,Frank_vo,2,,,
emoji_frank_sad,,sc/ui.sc,emoji_frank_sad,HammerDude,,,SAD,COMMON,SAD,Frank_vo,1,,,
emoji_frank_thanks,,sc/ui.sc,emoji_frank_thanks,HammerDude,,,SPECIAL,EPIC,THANKS,Frank_vo,2,,,
emoji_frenzied,,sc/ui.sc,emoji_frenzied,,,,ANGRY,DEFAULT,ANGRY,,,,,
emoji_gene,,sc/ui.sc,emoji_gene,HookDude,,TRUE,DEFAULT,DEFAULT,DEFAULT,Gene_vo,2,,,
emoji_gene_angry,,sc/ui.sc,emoji_gene_angry,HookDude,,,ANGRY,COMMON,ANGRY,Gene_vo,4,,,
emoji_gene_gg,,sc/ui.sc,emoji_gene_gg,HookDude,,,SPECIAL,RARE,GG,Gene_vo,6,,,
emoji_gene_sad,,sc/ui.sc,emoji_gene_sad,HookDude,,,SAD,COMMON,SAD,Gene_vo,12,,,
emoji_gene_thanks,,sc/ui.sc,emoji_gene_thanks,HookDude,,,SPECIAL,EPIC,THANKS,Gene_vo,9,,,
emoji_grin,,sc/ui.sc,emoji_grin,,,,HAPPY,DEFAULT,HAPPY,,,,,
emoji_happy,,sc/ui.sc,emoji_happy,,,,HAPPY,DEFAULT,HAPPY,,,,,TRUE
emoji_jacky,,sc/ui.sc,emoji_jacky,Driller,,TRUE,DEFAULT,DEFAULT,DEFAULT,Jackie_Start_VO,0,,,
emoji_jacky_angry,,sc/ui.sc,emoji_jacky_angry,Driller,,,ANGRY,COMMON,ANGRY,Jackie_Die_VO,3,,,
emoji_jacky_gg,,sc/ui.sc,emoji_jacky_gg,Driller,,,SPECIAL,RARE,GG,Jackie_Kill_VO,0,,,
emoji_jacky_sad,,sc/ui.sc,emoji_jacky_sad,Driller,,,SAD,COMMON,SAD,Jackie_Hurt_VO,0,,,
emoji_jacky_thanks,,sc/ui.sc,emoji_jacky_thanks,Driller,,,SPECIAL,EPIC,THANKS,Jackie_Ulti_VO,4,,,
emoji_jessie,,sc/ui.sc,emoji_jessie,Mechanic,,TRUE,DEFAULT,DEFAULT,DEFAULT,Jess_start,3,,,
emoji_jessie_angry,,sc/ui.sc,emoji_jessie_angry,Mechanic,,,ANGRY,COMMON,ANGRY,Jess_takedamage,3,,,
emoji_jessie_gg,,sc/ui.sc,emoji_jessie_gg,Mechanic,,,SPECIAL,RARE,GG,Jess_lead,3,,,
emoji_jessie_sad,,sc/ui.sc,emoji_jessie_sad,Mechanic,,,SAD,COMMON,SAD,Jess_die,3,,,
emoji_jessie_thanks,,sc/ui.sc,emoji_jessie_thanks,Mechanic,,,SPECIAL,EPIC,THANKS,Jess_ulti,2,,,
emoji_laugh,,sc/ui.sc,emoji_laugh,,,,PLAYER_1,DEFAULT,HAPPY,,,,,TRUE
emoji_leon,,sc/ui.sc,emoji_leon,Ninja,,TRUE,DEFAULT,DEFAULT,DEFAULT,Leon_start_vo,2,,,
emoji_leon_angry,,sc/ui.sc,emoji_leon_angry,Ninja,,,ANGRY,COMMON,ANGRY,Leon_hurt_vo,3,,,
emoji_leon_gg,,sc/ui.sc,emoji_leon_gg,Ninja,,,SPECIAL,RARE,GG,Leon_kill_vo,0,,,
emoji_leon_sad,,sc/ui.sc,emoji_leon_sad,Ninja,,,SAD,COMMON,SAD,Leon_die_vo,0,,,
emoji_leon_thanks,,sc/ui.sc,emoji_leon_thanks,Ninja,,,SPECIAL,EPIC,THANKS,Leon_ulti_vo,0,,,
emoji_mortis,,sc/ui.sc,emoji_mortis,Undertaker,,TRUE,DEFAULT,DEFAULT,DEFAULT,Mortis_start,3,,,
emoji_mortis_angry,,sc/ui.sc,emoji_mortis_angry,Undertaker,,,ANGRY,COMMON,ANGRY,Mortis_hurt,2,,,
emoji_mortis_gg,,sc/ui.sc,emoji_mortis_gg,Undertaker,,,SPECIAL,RARE,GG,Mortis_kill,3,,,
emoji_mortis_sad,,sc/ui.sc,emoji_mortis_sad,Undertaker,,,SAD,COMMON,SAD,Mortis_die,2,,,
emoji_mortis_thanks,,sc/ui.sc,emoji_mortis_thanks,Undertaker,,,SPECIAL,EPIC,THANKS,Mortis_ulti_vo,2,,,
emoji_nita,,sc/ui.sc,emoji_nita,Shaman,,TRUE,DEFAULT,DEFAULT,DEFAULT,Nita_start,0,,,
emoji_nita_angry,,sc/ui.sc,emoji_nita_angry,Shaman,,,ANGRY,COMMON,ANGRY,Nita_hurt,1,,,
emoji_nita_gg,,sc/ui.sc,emoji_nita_gg,Shaman,,,SPECIAL,RARE,GG,Nita_lead,1,,,
emoji_nita_sad,,sc/ui.sc,emoji_nita_sad,Shaman,,,SAD,COMMON,SAD,Nita_death,0,,,
emoji_nita_thanks,,sc/ui.sc,emoji_nita_thanks,Shaman,,,SPECIAL,EPIC,THANKS,Nita_ulti,1,,,
emoji_pam,,sc/ui.sc,emoji_pam,MinigunDude,,TRUE,DEFAULT,DEFAULT,DEFAULT,Pam_start,2,,,
emoji_pam_angry,,sc/ui.sc,emoji_pam_angry,MinigunDude,,,ANGRY,COMMON,ANGRY,Pam_die,0,,,
emoji_pam_gg,,sc/ui.sc,emoji_pam_gg,MinigunDude,,,SPECIAL,RARE,GG,Pam_ulti,1,,,
emoji_pam_sad,,sc/ui.sc,emoji_pam_sad,MinigunDude,,,SAD,COMMON,SAD,Pam_hurt,4,,,
emoji_pam_thanks,,sc/ui.sc,emoji_pam_thanks,MinigunDude,,,SPECIAL,EPIC,THANKS,Pam_start,3,,,
emoji_penny,,sc/ui.sc,emoji_penny,ArtilleryDude,,TRUE,DEFAULT,DEFAULT,DEFAULT,Penny_start,0,,,
emoji_penny_angry,,sc/ui.sc,emoji_penny_angry,ArtilleryDude,,,ANGRY,COMMON,ANGRY,Penny_takedamage,0,,,
emoji_penny_gg,,sc/ui.sc,emoji_penny_gg,ArtilleryDude,,,SPECIAL,RARE,GG,Penny_lead,0,,,
emoji_penny_sad,,sc/ui.sc,emoji_penny_sad,ArtilleryDude,,,SAD,COMMON,SAD,Penny_die,0,,,
emoji_penny_thanks,,sc/ui.sc,emoji_penny_thanks,ArtilleryDude,,,SPECIAL,EPIC,THANKS,Penny_takedamage,1,,,
emoji_piper,,sc/ui.sc,emoji_piper,Sniper,,TRUE,DEFAULT,DEFAULT,DEFAULT,Piper_Start,0,,,
emoji_piper_angry,,sc/ui.sc,emoji_piper_angry,Sniper,,,ANGRY,COMMON,ANGRY,Piper_Takedamage,1,,,
emoji_piper_gg,,sc/ui.sc,emoji_piper_gg,Sniper,,,SPECIAL,RARE,GG,Piper_Lead,0,,,
emoji_piper_sad,,sc/ui.sc,emoji_piper_sad,Sniper,,,SAD,COMMON,SAD,Piper_Die,1,,,
emoji_piper_thanks,,sc/ui.sc,emoji_piper_thanks,Sniper,,,SPECIAL,EPIC,THANKS,Piper_Kill,1,,,
emoji_poco,,sc/ui.sc,emoji_poco,DeadMariachi,,TRUE,DEFAULT,DEFAULT,DEFAULT,Poco_start,3,,,
emoji_poco_angry,,sc/ui.sc,emoji_poco_angry,DeadMariachi,,,ANGRY,COMMON,ANGRY,Poco_die,1,,,
emoji_poco_gg,,sc/ui.sc,emoji_poco_gg,DeadMariachi,,,SPECIAL,RARE,GG,Poco_lead,2,,,
emoji_poco_sad,,sc/ui.sc,emoji_poco_sad,DeadMariachi,,,SAD,COMMON,SAD,Poco_hurt,3,,,
emoji_poco_thanks,,sc/ui.sc,emoji_poco_thanks,DeadMariachi,,,SPECIAL,EPIC,THANKS,Poco_start,2,,,
emoji_primo,,sc/ui.sc,emoji_primo,Luchador,,TRUE,DEFAULT,DEFAULT,DEFAULT,El_primo_start,1,,,
emoji_primo_angry,,sc/ui.sc,emoji_primo_angry,Luchador,,,ANGRY,COMMON,ANGRY,El_primo_hurt,3,,,
emoji_primo_gg,,sc/ui.sc,emoji_primo_gg,Luchador,,,SPECIAL,RARE,GG,El_primo_kill,1,,,
emoji_primo_sad,,sc/ui.sc,emoji_primo_sad,Luchador,,,SAD,COMMON,SAD,El_primo_die,0,,,
emoji_primo_thanks,,sc/ui.sc,emoji_primo_thanks,Luchador,,,SPECIAL,EPIC,THANKS,El_primo_start,5,,,
emoji_rage,,sc/ui.sc,emoji_rage,,,,ANGRY,DEFAULT,ANGRY,,,,,TRUE
emoji_rico,,sc/ui.sc,emoji_rico,TrickshotDude,,TRUE,DEFAULT,DEFAULT,DEFAULT,Rick_start,2,,,
emoji_rico_angry,,sc/ui.sc,emoji_rico_angry,TrickshotDude,,,ANGRY,COMMON,ANGRY,Rick_hurt,4,,,
emoji_rico_gg,,sc/ui.sc,emoji_rico_gg,TrickshotDude,,,SPECIAL,RARE,GG,Rick_kill,5,,,
emoji_rico_sad,,sc/ui.sc,emoji_rico_sad,TrickshotDude,,,SAD,COMMON,SAD,Rick_die,0,,,
emoji_rico_thanks,,sc/ui.sc,emoji_rico_thanks,TrickshotDude,,,SPECIAL,EPIC,THANKS,Rick_start,4,,,
emoji_rosa,,sc/ui.sc,emoji_rosa,Rosa,,TRUE,DEFAULT,DEFAULT,DEFAULT,Rosa_start,0,,,
emoji_rosa_angry,,sc/ui.sc,emoji_rosa_angry,Rosa,,,ANGRY,COMMON,ANGRY,Rosa_die,1,,,
emoji_rosa_gg,,sc/ui.sc,emoji_rosa_gg,Rosa,,,SPECIAL,RARE,GG,Rosa_ulti_vo,0,,,
emoji_rosa_sad,,sc/ui.sc,emoji_rosa_sad,Rosa,,,SAD,COMMON,SAD,Rosa_die,2,,,
emoji_rosa_thanks,,sc/ui.sc,emoji_rosa_thanks,Rosa,,,SPECIAL,EPIC,THANKS,Rosa_lead,2,,,
emoji_sad,,sc/ui.sc,emoji_sad,,,,SAD,DEFAULT,SAD,,,,,TRUE
emoji_sandy,,sc/ui.sc,emoji_sandy,Sandstorm,,TRUE,DEFAULT,DEFAULT,DEFAULT,Sandy_start_vo,0,,,
emoji_sandy_angry,,sc/ui.sc,emoji_sandy_angry,Sandstorm,,,ANGRY,COMMON,ANGRY,Sandy_hurt_vo,1,,,
emoji_sandy_gg,,sc/ui.sc,emoji_sandy_gg,Sandstorm,,,SPECIAL,RARE,GG,Sandy_kill_vo,0,,,
emoji_sandy_sad,,sc/ui.sc,emoji_sandy_sad,Sandstorm,,,SAD,COMMON,SAD,Sandy_die_vo,2,,,
emoji_sandy_thanks,,sc/ui.sc,emoji_sandy_thanks,Sandstorm,,,SPECIAL,EPIC,THANKS,Sandy_kill_vo,1,,,
emoji_shelly,,sc/ui.sc,emoji_shelly,ShotgunGirl,,TRUE,DEFAULT,DEFAULT,DEFAULT,Shelly_Start,3,,,
emoji_shelly_angry,,sc/ui.sc,emoji_shelly_angry,ShotgunGirl,,,ANGRY,COMMON,ANGRY,Shelly_Die,3,,,
emoji_shelly_gg,,sc/ui.sc,emoji_shelly_gg,ShotgunGirl,,,SPECIAL,RARE,GG,Shelly_Lead,0,,,
emoji_shelly_sad,,sc/ui.sc,emoji_shelly_sad,ShotgunGirl,,,SAD,COMMON,SAD,Shelly_Die,0,,,
emoji_shelly_thanks,,sc/ui.sc,emoji_shelly_thanks,ShotgunGirl,,,SPECIAL,EPIC,THANKS,Shelly_Lead,3,,,
emoji_shocked,,sc/ui.sc,emoji_shocked,,,,SAD,DEFAULT,SAD,,,,,
emoji_smile,,sc/ui.sc,emoji_smile,,,,HAPPY,DEFAULT,HAPPY,,,,,TRUE
emoji_speechless,,sc/ui.sc,emoji_speechless,,,,SAD,DEFAULT,SAD,,,,,
emoji_spike,,sc/ui.sc,emoji_spike,Cactus,,TRUE,DEFAULT,DEFAULT,DEFAULT,,,,,
emoji_spike_angry,,sc/ui.sc,emoji_spike_angry,Cactus,,,ANGRY,COMMON,ANGRY,,,,,
emoji_spike_gg,,sc/ui.sc,emoji_spike_gg,Cactus,,,SPECIAL,RARE,GG,,,,,
emoji_spike_sad,,sc/ui.sc,emoji_spike_sad,Cactus,,,SAD,COMMON,SAD,,,,,
emoji_spike_thanks,,sc/ui.sc,emoji_spike_thanks,Cactus,,,SPECIAL,EPIC,THANKS,,,,,
emoji_sprout,,sc/ui.sc,emoji_sprout,Wally,,TRUE,DEFAULT,DEFAULT,DEFAULT,Sprout_Start_VO,0,,,
emoji_sprout_angry,,sc/ui.sc,emoji_sprout_angry,Wally,,,ANGRY,COMMON,ANGRY,Sprout_Die_VO,1,,,
emoji_sprout_gg,,sc/ui.sc,emoji_sprout_gg,Wally,,,SPECIAL,RARE,GG,Sprout_Lead_VO,0,,,
emoji_sprout_sad,,sc/ui.sc,emoji_sprout_sad,Wally,,,SAD,COMMON,SAD,Sprout_Hurt_VO,2,,,
emoji_sprout_thanks,,sc/ui.sc,emoji_sprout_thanks,Wally,,,SPECIAL,EPIC,THANKS,Sprout_Start_VO,3,,,
emoji_stunned,,sc/ui.sc,emoji_stunned,,,,SAD,DEFAULT,SAD,,,,,
emoji_tara,,sc/ui.sc,emoji_tara,BlackHole,,TRUE,DEFAULT,DEFAULT,DEFAULT,Tara_start_vo,0,,,
emoji_tara_angry,,sc/ui.sc,emoji_tara_angry,BlackHole,,,ANGRY,COMMON,ANGRY,Tara_hurt_vo,2,,,
emoji_tara_gg,,sc/ui.sc,emoji_tara_gg,BlackHole,,,SPECIAL,RARE,GG,Tara_kill_vo,3,,,
emoji_tara_sad,,sc/ui.sc,emoji_tara_sad,BlackHole,,,SAD,COMMON,SAD,Tara_die_vo,1,,,
emoji_tara_thanks,,sc/ui.sc,emoji_tara_thanks,BlackHole,,,SPECIAL,EPIC,THANKS,Tara_lead_vo,0,,,
emoji_thumbsdown,,sc/ui.sc,emoji_thumbsdown,,,,SPECIAL,DEFAULT,THANKS,,,,,
emoji_thumbsup,,sc/ui.sc,emoji_thumbsup,,,,SPECIAL,DEFAULT,THANKS,,,,,
emoji_tick,,sc/ui.sc,emoji_tick,ClusterBombDude,,TRUE,DEFAULT,DEFAULT,DEFAULT,Tick_vo_1,0,,,
emoji_tick_angry,,sc/ui.sc,emoji_tick_angry,ClusterBombDude,,,ANGRY,COMMON,ANGRY,Tick_vo_hurt,2,,,
emoji_tick_gg,,sc/ui.sc,emoji_tick_gg,ClusterBombDude,,,SPECIAL,RARE,GG,Tick_vo_1,1,,,
emoji_tick_sad,,sc/ui.sc,emoji_tick_sad,ClusterBombDude,,,SAD,COMMON,SAD,Tick_vo_hurt,0,,,
emoji_tick_thanks,,sc/ui.sc,emoji_tick_thanks,ClusterBombDude,,,SPECIAL,EPIC,THANKS,Tick_vo_1,3,,,
emoji_8bit_happy,,sc/ui.sc,emoji_8bit_happy,Arcade,,,HAPPY,COMMON,HAPPY,8bit_lead_vo,0,,,
emoji_barley_happy,,sc/ui.sc,emoji_barley_happy,Barkeep,,,HAPPY,COMMON,HAPPY,Barley_Kill,2,,,
emoji_bea_happy,,sc/ui.sc,emoji_bea_happy,BeeSniper,,,HAPPY,COMMON,HAPPY,Bea_Kill_VO,0,,,
emoji_bibi_happy,,sc/ui.sc,emoji_bibi_happy,Baseball,,,HAPPY,COMMON,HAPPY,Bibi_lead_vo,0,,,
emoji_bo_happy,,sc/ui.sc,emoji_bo_happy,BowDude,,,HAPPY,COMMON,HAPPY,Bo_kill,0,,,
emoji_brock_happy,,sc/ui.sc,emoji_brock_happy,RocketGirl,,,HAPPY,COMMON,HAPPY,Brock_lead_vo,0,,,
emoji_bull_happy,,sc/ui.sc,emoji_bull_happy,BullDude,,,HAPPY,COMMON,HAPPY,Bull_kill,1,,,
emoji_carl_happy,,sc/ui.sc,emoji_carl_happy,Whirlwind,,,HAPPY,COMMON,HAPPY,Carl_ulti_vo,1,,,
emoji_colt_happy,,sc/ui.sc,emoji_colt_happy,Gunslinger,,,HAPPY,COMMON,HAPPY,Hotshot_Lead,3,,,
emoji_crow_happy,,sc/ui.sc,emoji_crow_happy,Crow,,,HAPPY,COMMON,HAPPY,Crow_Kill,0,,,
emoji_darryl_happy,,sc/ui.sc,emoji_darryl_happy,BarrelBot,,,HAPPY,COMMON,HAPPY,Darryl_Kill_VO,2,,,
emoji_dynamike_happy,,sc/ui.sc,emoji_dynamike_happy,TntDude,,,HAPPY,COMMON,HAPPY,Tnt_guy_kill_vo,2,,,
emoji_emz_happy,,sc/ui.sc,emoji_emz_happy,Mummy,,,HAPPY,COMMON,HAPPY,Emz_ulti_vo,0,,,
emoji_frank_happy,,sc/ui.sc,emoji_frank_happy,HammerDude,,,HAPPY,COMMON,HAPPY,Frank_vo,4,,,
emoji_gene_happy,,sc/ui.sc,emoji_gene_happy,HookDude,,,HAPPY,COMMON,HAPPY,Gene_vo,1,,,
emoji_jacky_happy,,sc/ui.sc,emoji_jacky_happy,Driller,,,HAPPY,COMMON,HAPPY,Jackie_Ulti_VO,1,,,
emoji_jessie_happy,,sc/ui.sc,emoji_jessie_happy,Mechanic,,,HAPPY,COMMON,HAPPY,Jess_kill,0,,,
emoji_leon_happy,,sc/ui.sc,emoji_leon_happy,Ninja,,,HAPPY,COMMON,HAPPY,Leon_kill_vo,1,,,
emoji_mortis_happy,,sc/ui.sc,emoji_mortis_happy,Undertaker,,,HAPPY,COMMON,HAPPY,Mortis_lead,2,,,
emoji_nita_happy,,sc/ui.sc,emoji_nita_happy,Shaman,,,HAPPY,COMMON,HAPPY,Nita_kill,1,,,
emoji_pam_happy,,sc/ui.sc,emoji_pam_happy,MinigunDude,,,HAPPY,COMMON,HAPPY,Pam_lead,0,,,
emoji_penny_happy,,sc/ui.sc,emoji_penny_happy,ArtilleryDude,,,HAPPY,COMMON,HAPPY,Penny_ulti,1,,,
emoji_piper_happy,,sc/ui.sc,emoji_piper_happy,Sniper,,,HAPPY,COMMON,HAPPY,Piper_Ulti,1,,,
emoji_poco_happy,,sc/ui.sc,emoji_poco_happy,DeadMariachi,,,HAPPY,COMMON,HAPPY,Poco_lead,0,,,
emoji_primo_happy,,sc/ui.sc,emoji_primo_happy,Luchador,,,HAPPY,COMMON,HAPPY,El_primo_lead,1,,,
emoji_rico_happy,,sc/ui.sc,emoji_rico_happy,TrickshotDude,,,HAPPY,COMMON,HAPPY,Rick_lead,0,,,
emoji_rosa_happy,,sc/ui.sc,emoji_rosa_happy,Rosa,,,HAPPY,COMMON,HAPPY,Rosa_kill,0,,,
emoji_sandy_happy,,sc/ui.sc,emoji_sandy_happy,Sandstorm,,,HAPPY,COMMON,HAPPY,Sandy_start_vo,5,,,
emoji_shelly_happy,,sc/ui.sc,emoji_shelly_happy,ShotgunGirl,,,HAPPY,COMMON,HAPPY,Shelly_Lead,3,,,
emoji_spike_happy,,sc/ui.sc,emoji_spike_happy,Cactus,,,HAPPY,COMMON,HAPPY,,,,,
emoji_sprout_happy,,sc/ui.sc,emoji_sprout_happy,Wally,,,HAPPY,COMMON,HAPPY,Sprout_Start_VO,2,,,
emoji_tara_happy,,sc/ui.sc,emoji_tara_happy,BlackHole,,,HAPPY,COMMON,HAPPY,Tara_kill_vo,2,,,
emoji_tick_happy,,sc/ui.sc,emoji_tick_happy,ClusterBombDude,,,HAPPY,COMMON,HAPPY,Tick_vo_1,4,,,
emoji_gale,,sc/ui.sc,emoji_gale,Blower,,TRUE,DEFAULT,DEFAULT,DEFAULT,Gale_Start_VO,0,,,
emoji_gale_angry,,sc/ui.sc,emoji_gale_angry,Blower,,,ANGRY,COMMON,ANGRY,Gale_Die_VO,0,,,
emoji_gale_gg,,sc/ui.sc,emoji_gale_gg,Blower,,,SPECIAL,RARE,GG,Gale_Kill_VO,2,,,
emoji_gale_happy,,sc/ui.sc,emoji_gale_happy,Blower,,,HAPPY,COMMON,HAPPY,Gale_Kill_VO,0,,,
emoji_gale_sad,,sc/ui.sc,emoji_gale_sad,Blower,,,SAD,COMMON,SAD,Gale_Die_VO,4,,,
emoji_gale_thanks,,sc/ui.sc,emoji_gale_thanks,Blower,,,SPECIAL,EPIC,THANKS,Gale_Kill_VO,4,,,
emoji_gale_trader,,sc/ui.sc,emoji_gale_trader,Blower,BlowerTrader,TRUE,SPECIAL,COLLECTORS,DEFAULT,Gale_Start_VO,0,,,
emoji_gale_trader_angry,,sc/ui.sc,emoji_gale_trader_angry,Blower,BlowerTrader,,SPECIAL,COLLECTORS,ANGRY,Gale_Die_VO,0,,,
emoji_gale_trader_gg,,sc/ui.sc,emoji_gale_trader_gg,Blower,BlowerTrader,,SPECIAL,COLLECTORS,GG,Gale_Kill_VO,2,,,
emoji_gale_trader_happy,,sc/ui.sc,emoji_gale_trader_happy,Blower,BlowerTrader,,SPECIAL,COLLECTORS,HAPPY,Gale_Kill_VO,0,,,
emoji_gale_trader_sad,,sc/ui.sc,emoji_gale_trader_sad,Blower,BlowerTrader,,SPECIAL,COLLECTORS,SAD,Gale_Die_VO,4,,,
emoji_gale_trader_thanks,,sc/ui.sc,emoji_gale_trader_thanks,Blower,BlowerTrader,,SPECIAL,COLLECTORS,THANKS,Gale_Kill_VO,4,,,
emoji_nani,,sc/ui.sc,emoji_nani,Controller,,TRUE,DEFAULT,DEFAULT,DEFAULT,Nani_Start_VO,0,,,
emoji_nani_angry,,sc/ui.sc,emoji_nani_angry,Controller,,,ANGRY,COMMON,ANGRY,Nani_Hurt_VO,0,,,
emoji_nani_gg,,sc/ui.sc,emoji_nani_gg,Controller,,,SPECIAL,RARE,GG,Nani_Lead_VO,2,,,
emoji_nani_happy,,sc/ui.sc,emoji_nani_happy,Controller,,,HAPPY,COMMON,HAPPY,Nani_Lead_VO,1,,,
emoji_nani_sad,,sc/ui.sc,emoji_nani_sad,Controller,,,SAD,COMMON,SAD,Nani_Hurt_VO,2,,,
emoji_nani_thanks,,sc/ui.sc,emoji_nani_thanks,Controller,,,SPECIAL,EPIC,THANKS,Nani_Lead_VO,0,,,
emoji_8bit_phew,,sc/ui.sc,emoji_8bit_phew,Arcade,,,SPECIAL,EPIC,PHEW,8bit_die_vo,2,,,
emoji_barley_phew,,sc/ui.sc,emoji_barley_phew,Barkeep,,,SPECIAL,EPIC,PHEW,Barley_Hurt,0,,,
emoji_bea_phew,,sc/ui.sc,emoji_bea_phew,BeeSniper,,,SPECIAL,EPIC,PHEW,Bea_Hurt_VO,4,,,
emoji_bibi_phew,,sc/ui.sc,emoji_bibi_phew,Baseball,,,SPECIAL,EPIC,PHEW,Bibi_die_vo,1,,,
emoji_bo_phew,,sc/ui.sc,emoji_bo_phew,BowDude,,,SPECIAL,EPIC,PHEW,Bo_hurt,0,,,
emoji_brock_phew,,sc/ui.sc,emoji_brock_phew,RocketGirl,,,SPECIAL,EPIC,PHEW,Brock_hurt_vo,2,,,
emoji_bull_phew,,sc/ui.sc,emoji_bull_phew,BullDude,,,SPECIAL,EPIC,PHEW,Bull_takedamage_vo,3,,,
emoji_carl_phew,,sc/ui.sc,emoji_carl_phew,Whirlwind,,,SPECIAL,EPIC,PHEW,Carl_hurt_vo,1,,,
emoji_colt_phew,,sc/ui.sc,emoji_colt_phew,Gunslinger,,,SPECIAL,EPIC,PHEW,Hotshot_Takedamge_Vo,6,,,
emoji_crow_phew,,sc/ui.sc,emoji_crow_phew,Crow,,,SPECIAL,EPIC,PHEW,Crow_Takedamage,1,,,
emoji_darryl_phew,,sc/ui.sc,emoji_darryl_phew,BarrelBot,,,SPECIAL,EPIC,PHEW,Darryl_Die_VO,1,,,
emoji_dynamike_phew,,sc/ui.sc,emoji_dynamike_phew,TntDude,,,SPECIAL,EPIC,PHEW,Tnt_guy_hurt_vo,0,,,
emoji_emz_phew,,sc/ui.sc,emoji_emz_phew,Mummy,,,SPECIAL,EPIC,PHEW,Emz_hurt_vo,0,,,
emoji_frank_phew,,sc/ui.sc,emoji_frank_phew,HammerDude,,,SPECIAL,EPIC,PHEW,Frank_vo,1,,,
emoji_gale_phew,,sc/ui.sc,emoji_gale_phew,Blower,,,SPECIAL,EPIC,PHEW,Gale_Hurt_VO,1,,,
emoji_gale_trader_phew,,sc/ui.sc,emoji_gale_trader_phew,Blower,BlowerTrader,,SPECIAL,COLLECTORS,PHEW,Gale_Hurt_VO,1,,,
emoji_gene_phew,,sc/ui.sc,emoji_gene_phew,HookDude,,,SPECIAL,EPIC,PHEW,Gene_vo,2,,,
emoji_jacky_phew,,sc/ui.sc,emoji_jacky_phew,Driller,,,SPECIAL,EPIC,PHEW,Jackie_Hurt_VO,3,,,
emoji_jessie_phew,,sc/ui.sc,emoji_jessie_phew,Mechanic,,,SPECIAL,EPIC,PHEW,Jess_ulti,5,,,
emoji_leon_phew,,sc/ui.sc,emoji_leon_phew,Ninja,,,SPECIAL,EPIC,PHEW,Leon_hurt_vo,0,,,
emoji_max_phew,,sc/ui.sc,emoji_max_phew,Speedy,,,SPECIAL,EPIC,PHEW,Max_Hurt_VO,3,,,
emoji_mortis_phew,,sc/ui.sc,emoji_mortis_phew,Undertaker,,,SPECIAL,EPIC,PHEW,Mortis_lead,4,,,
emoji_mrp_phew,,sc/ui.sc,emoji_mrp_phew,SpawnerDude,,,SPECIAL,EPIC,PHEW,Mrp_Die_VO,2,,,
emoji_nani_phew,,sc/ui.sc,emoji_nani_phew,Controller,,,SPECIAL,EPIC,PHEW,Nani_Hurt_VO,5,,,
emoji_nita_phew,,sc/ui.sc,emoji_nita_phew,Shaman,,,SPECIAL,EPIC,PHEW,Nita_hurt,4,,,
emoji_pam_phew,,sc/ui.sc,emoji_pam_phew,MinigunDude,,,SPECIAL,EPIC,PHEW,Pam_die,2,,,
emoji_penny_phew,,sc/ui.sc,emoji_penny_phew,ArtilleryDude,,,SPECIAL,EPIC,PHEW,Penny_takedamage,2,,,
emoji_piper_phew,,sc/ui.sc,emoji_piper_phew,Sniper,,,SPECIAL,EPIC,PHEW,Piper_Takedamage,4,,,
emoji_poco_phew,,sc/ui.sc,emoji_poco_phew,DeadMariachi,,,SPECIAL,EPIC,PHEW,Poco_hurt,0,,,
emoji_primo_phew,,sc/ui.sc,emoji_primo_phew,Luchador,,,SPECIAL,EPIC,PHEW,El_primo_lead,2,,,
emoji_rico_phew,,sc/ui.sc,emoji_rico_phew,TrickshotDude,,,SPECIAL,EPIC,PHEW,Rick_hurt,3,,,
emoji_rosa_phew,,sc/ui.sc,emoji_rosa_phew,Rosa,,,SPECIAL,EPIC,PHEW,Rosa_hurt,2,,,
emoji_sandy_phew,,sc/ui.sc,emoji_sandy_phew,Sandstorm,,,SPECIAL,EPIC,PHEW,Sandy_hurt_vo,3,,,
emoji_shelly_phew,,sc/ui.sc,emoji_shelly_phew,ShotgunGirl,,,SPECIAL,EPIC,PHEW,Shelly_Kill,3,,,
emoji_spike_phew,,sc/ui.sc,emoji_spike_phew,Cactus,,,SPECIAL,EPIC,PHEW,,,,,
emoji_sprout_phew,,sc/ui.sc,emoji_sprout_phew,Wally,,,SPECIAL,EPIC,PHEW,Sprout_Hurt_VO,2,,,
emoji_tara_phew,,sc/ui.sc,emoji_tara_phew,BlackHole,,,SPECIAL,EPIC,PHEW,Tara_kill_vo,1,,,
emoji_tick_phew,,sc/ui.sc,emoji_tick_phew,ClusterBombDude,,,SPECIAL,EPIC,PHEW,Tick_vo_hurt,2,,,
emoji_carl_special,,sc/ui.sc,emoji_carl_special,Whirlwind,,,SPECIAL,EPIC,SPECIAL,Carl_start_vo,5,,,
emoji_colt_special,,sc/ui.sc,emoji_colt_special,Gunslinger,,,SPECIAL,EPIC,SPECIAL,Hotshot_Ulti,0,,,
emoji_emz_special,,sc/ui.sc,emoji_emz_special,Mummy,,,SPECIAL,EPIC,SPECIAL,Emz_lead_vo,1,,,
emoji_poco_special,,sc/ui.sc,emoji_poco_special,DeadMariachi,,,SPECIAL,EPIC,SPECIAL,Poco_ulti_vo,1,,,
emoji_sandy_special,,sc/ui.sc,emoji_sandy_special,Sandstorm,,,SPECIAL,EPIC,SPECIAL,Sandy_ulti_vo,0,,,
emoji_tara_special,,sc/ui.sc,emoji_tara_special,BlackHole,,,SPECIAL,EPIC,SPECIAL,Tara_lead_vo,2,,,
emoji_max,,sc/ui.sc,emoji_max,Speedy,,TRUE,DEFAULT,DEFAULT,DEFAULT,Max_Start_VO,0,,,
emoji_max_angry,,sc/ui.sc,emoji_max_angry,Speedy,,,ANGRY,COMMON,ANGRY,Max_Hurt_VO,1,,,
emoji_max_gg,,sc/ui.sc,emoji_max_gg,Speedy,,,SPECIAL,RARE,GG,Max_Lead_VO,2,,,
emoji_max_happy,,sc/ui.sc,emoji_max_happy,Speedy,,,HAPPY,COMMON,HAPPY,Max_Kill_VO,2,,,
emoji_max_sad,,sc/ui.sc,emoji_max_sad,Speedy,,,SAD,COMMON,SAD,Max_Die_VO,1,,,
emoji_max_thanks,,sc/ui.sc,emoji_max_thanks,Speedy,,,SPECIAL,EPIC,THANKS,Max_Ulti_VO,1,,,
emoji_mrp,,sc/ui.sc,emoji_mrp,SpawnerDude,,TRUE,DEFAULT,DEFAULT,DEFAULT,Mrp_Lead_VO,1,,,
emoji_mrp_angry,,sc/ui.sc,emoji_mrp_angry,SpawnerDude,,,ANGRY,COMMON,ANGRY,Mrp_Die_VO,1,,,
emoji_mrp_gg,,sc/ui.sc,emoji_mrp_gg,SpawnerDude,,,SPECIAL,RARE,GG,Mrp_Kill_VO,0,,,
emoji_mrp_happy,,sc/ui.sc,emoji_mrp_happy,SpawnerDude,,,HAPPY,COMMON,HAPPY,Mrp_Lead_VO,0,,,
emoji_mrp_sad,,sc/ui.sc,emoji_mrp_sad,SpawnerDude,,,SAD,COMMON,SAD,Mrp_Hurt_VO,0,,,
emoji_mrp_thanks,,sc/ui.sc,emoji_mrp_thanks,SpawnerDude,,,SPECIAL,EPIC,THANKS,Mrp_Lead_VO,2,,,
emoji_surge,,sc/ui.sc,emoji_surge,PowerLeveler,,TRUE,DEFAULT,DEFAULT,DEFAULT,Surge_Start_VO,5,,,
emoji_surge_angry,,sc/ui.sc,emoji_surge_angry,PowerLeveler,,,ANGRY,COMMON,ANGRY,Surge_Hurt_VO,4,,,
emoji_surge_gg,,sc/ui.sc,emoji_surge_gg,PowerLeveler,,,SPECIAL,RARE,GG,Surge_Lead_VO,0,,,
emoji_surge_happy,,sc/ui.sc,emoji_surge_happy,PowerLeveler,,,HAPPY,COMMON,HAPPY,Surge_Kill_VO,0,,,
emoji_surge_paladin,,sc/ui.sc,emoji_surge_paladin,PowerLeveler,PowerLevelerKnight,TRUE,SPECIAL,COLLECTORS,DEFAULT,Surge_Start_VO,5,,,
emoji_surge_paladin_angry,,sc/ui.sc,emoji_surge_paladin_angry,PowerLeveler,PowerLevelerKnight,,SPECIAL,COLLECTORS,ANGRY,Surge_Hurt_VO,4,,,
emoji_surge_paladin_gg,,sc/ui.sc,emoji_surge_paladin_gg,PowerLeveler,PowerLevelerKnight,,SPECIAL,COLLECTORS,GG,Surge_Lead_VO,0,,,
emoji_surge_paladin_happy,,sc/ui.sc,emoji_surge_paladin_happy,PowerLeveler,PowerLevelerKnight,,SPECIAL,COLLECTORS,HAPPY,Surge_Kill_VO,0,,,
emoji_surge_paladin_phew,,sc/ui.sc,emoji_surge_paladin_phew,PowerLeveler,PowerLevelerKnight,,SPECIAL,COLLECTORS,PHEW,Surge_Hurt_VO,0,,,
emoji_surge_paladin_sad,,sc/ui.sc,emoji_surge_paladin_sad,PowerLeveler,PowerLevelerKnight,,SPECIAL,COLLECTORS,SAD,Surge_Die_VO,2,,,
emoji_surge_paladin_special,,sc/ui.sc,emoji_surge_paladin_special,PowerLeveler,PowerLevelerKnight,,SPECIAL,COLLECTORS,SPECIAL,Surge_Start_VO,0,,,
emoji_surge_paladin_thanks,,sc/ui.sc,emoji_surge_paladin_thanks,PowerLeveler,PowerLevelerKnight,,SPECIAL,COLLECTORS,THANKS,Surge_Start_VO,2,,,
emoji_surge_phew,,sc/ui.sc,emoji_surge_phew,PowerLeveler,,,SPECIAL,EPIC,PHEW,Surge_Hurt_VO,0,,,
emoji_surge_sad,,sc/ui.sc,emoji_surge_sad,PowerLeveler,,,SAD,COMMON,SAD,Surge_Die_VO,2,,,
emoji_surge_special,,sc/ui.sc,emoji_surge_special,PowerLeveler,,,SPECIAL,EPIC,SPECIAL,Surge_Start_VO,0,,,
emoji_surge_thanks,,sc/ui.sc,emoji_surge_thanks,PowerLeveler,,,SPECIAL,EPIC,THANKS,Surge_Start_VO,2,,,
emoji_colette,,sc/ui.sc,emoji_colette,Percenter,,TRUE,DEFAULT,DEFAULT,DEFAULT,Colette_Start_VO,2,,,
emoji_colette_angry,,sc/ui.sc,emoji_colette_angry,Percenter,,,ANGRY,COMMON,ANGRY,Colette_Kill_VO,2,,,
emoji_colette_gg,,sc/ui.sc,emoji_colette_gg,Percenter,,,SPECIAL,RARE,GG,Colette_Lead_VO,0,,,
emoji_colette_happy,,sc/ui.sc,emoji_colette_happy,Percenter,,,HAPPY,COMMON,HAPPY,Colette_Kill_VO,1,,,
emoji_colette_phew,,sc/ui.sc,emoji_colette_phew,Percenter,,,SPECIAL,EPIC,PHEW,Colette_Hurt_VO,1,,,
emoji_colette_sad,,sc/ui.sc,emoji_colette_sad,Percenter,,,SAD,COMMON,SAD,Colette_Hurt_VO,4,,,
emoji_colette_thanks,,sc/ui.sc,emoji_colette_thanks,Percenter,,,SPECIAL,EPIC,THANKS,Colette_Die_VO,1,,,
emoji_colette_trixie,,sc/ui.sc,emoji_colette_trixie,Percenter,PercenterTrixie,TRUE,SPECIAL,COLLECTORS,DEFAULT,Colette_Start_VO,2,,,
emoji_colette_trixie_angry,,sc/ui.sc,emoji_colette_trixie_angry,Percenter,PercenterTrixie,,SPECIAL,COLLECTORS,ANGRY,Colette_Kill_VO,2,,,
emoji_colette_trixie_gg,,sc/ui.sc,emoji_colette_trixie_gg,Percenter,PercenterTrixie,,SPECIAL,COLLECTORS,GG,Colette_Lead_VO,0,,,
emoji_colette_trixie_happy,,sc/ui.sc,emoji_colette_trixie_happy,Percenter,PercenterTrixie,,SPECIAL,COLLECTORS,HAPPY,Colette_Kill_VO,1,,,
emoji_colette_trixie_phew,,sc/ui.sc,emoji_colette_trixie_phew,Percenter,PercenterTrixie,,SPECIAL,COLLECTORS,PHEW,Colette_Hurt_VO,1,,,
emoji_colette_trixie_sad,,sc/ui.sc,emoji_colette_trixie_sad,Percenter,PercenterTrixie,,SPECIAL,COLLECTORS,SAD,Colette_Hurt_VO,4,,,
emoji_colette_trixie_special,,sc/ui.sc,emoji_colette_trixie_special,Percenter,PercenterTrixie,,SPECIAL,COLLECTORS,SPECIAL,Colette_Lead_VO,1,,,
emoji_colette_trixie_thanks,,sc/ui.sc,emoji_colette_trixie_thanks,Percenter,PercenterTrixie,,SPECIAL,COLLECTORS,THANKS,Colette_Die_VO,1,,,
emoji_amber,,sc/ui.sc,emoji_amber,FireDude,,TRUE,DEFAULT,DEFAULT,DEFAULT,Amber_Start_VO,0,,,
emoji_amber_angry,,sc/ui.sc,emoji_amber_angry,FireDude,,,ANGRY,COMMON,ANGRY,Amber_Hurt_VO,0,,,
emoji_amber_gg,,sc/ui.sc,emoji_amber_gg,FireDude,,,SPECIAL,RARE,GG,Amber_Start_VO,5,,,
emoji_amber_happy,,sc/ui.sc,emoji_amber_happy,FireDude,,,HAPPY,COMMON,HAPPY,Amber_Kill_VO,2,,,
emoji_amber_phew,,sc/ui.sc,emoji_amber_phew,FireDude,,,SPECIAL,EPIC,PHEW,Amber_Hurt_VO,4,,,
emoji_amber_sad,,sc/ui.sc,emoji_amber_sad,FireDude,,,SAD,COMMON,SAD,Amber_Hurt_VO,1,,,
emoji_amber_special,,sc/ui.sc,emoji_amber_special,FireDude,,,SPECIAL,EPIC,SPECIAL,Amber_Ulti_VO,2,,,
emoji_amber_thanks,,sc/ui.sc,emoji_amber_thanks,FireDude,,,SPECIAL,EPIC,THANKS,Amber_Lead_VO,4,,,
emoji_champie,,sc/ui.sc,emoji_champie,,,,HAPPY,COLLECTORS,SPECIAL,,,,WorldFinals,
emoji_champie_angry,,sc/ui.sc,emoji_champie_angry,,,,ANGRY,COLLECTORS,SPECIAL,,,,WorldFinals,
emoji_champie_gg,,sc/ui.sc,emoji_champie_gg,,,,SPECIAL,COLLECTORS,SPECIAL,,,,,
emoji_champie_happy,,sc/ui.sc,emoji_champie_happy,,,,HAPPY,COLLECTORS,SPECIAL,,,,WorldFinals,
emoji_champie_phew,,sc/ui.sc,emoji_champie_phew,,,,SPECIAL,COLLECTORS,SPECIAL,,,,WorldFinals,
emoji_champie_sad,,sc/ui.sc,emoji_champie_sad,,,,SAD,COLLECTORS,SPECIAL,,,,WorldFinals,
emoji_champie_special,,sc/ui.sc,emoji_champie_special,,,,SPECIAL,COLLECTORS,SPECIAL,,,,,
emoji_champie_thanks,,sc/ui.sc,emoji_champie_thanks,,,,SPECIAL,COLLECTORS,SPECIAL,,,,,
emoji_rosa_halloween,,sc/ui.sc,emoji_rosa_halloween,Rosa,RosaRosaBrawloween,TRUE,SPECIAL,COLLECTORS,DEFAULT,Rosa_start,1,,RosalloweenChallenge,
,,,,,,,,,,,,,Brawloween,
emoji_rosa_halloween_angry,,sc/ui.sc,emoji_rosa_halloween_angry,Rosa,RosaRosaBrawloween,,SPECIAL,COLLECTORS,ANGRY,Rosa_die,1,,Rosalloween,
emoji_rosa_halloween_gg,,sc/ui.sc,emoji_rosa_halloween_gg,Rosa,RosaRosaBrawloween,,SPECIAL,COLLECTORS,GG,Rosa_ulti_vo,0,,Rosalloween,
emoji_rosa_halloween_happy,,sc/ui.sc,emoji_rosa_halloween_happy,Rosa,RosaRosaBrawloween,,SPECIAL,COLLECTORS,HAPPY,Rosa_kill,0,,Rosalloween,
emoji_rosa_halloween_phew,,sc/ui.sc,emoji_rosa_halloween_phew,Rosa,RosaRosaBrawloween,,SPECIAL,COLLECTORS,PHEW,Rosa_hurt,2,,Rosalloween,
emoji_rosa_halloween_sad,,sc/ui.sc,emoji_rosa_halloween_sad,Rosa,RosaRosaBrawloween,,SPECIAL,COLLECTORS,SAD,Rosa_die,2,,Rosalloween,
emoji_rosa_halloween_special,,sc/ui.sc,emoji_rosa_halloween_special,Rosa,RosaRosaBrawloween,,SPECIAL,COLLECTORS,SPECIAL,Rosa_start,0,,RosalloweenChallenge,
emoji_rosa_halloween_thanks,,sc/ui.sc,emoji_rosa_halloween_thanks,Rosa,RosaRosaBrawloween,,SPECIAL,COLLECTORS,THANKS,Rosa_lead,2,,RosalloweenChallenge,
emoji_lou,,sc/ui.sc,emoji_lou,IceDude,,TRUE,DEFAULT,DEFAULT,DEFAULT,Lou_Start_VO,0,,,
emoji_lou_angry,,sc/ui.sc,emoji_lou_angry,IceDude,,,ANGRY,COMMON,ANGRY,Lou_Hurt_VO,3,,,
emoji_lou_gg,,sc/ui.sc,emoji_lou_gg,IceDude,,,SPECIAL,RARE,GG,Lou_Kill_VO,5,,,
emoji_lou_happy,,sc/ui.sc,emoji_lou_happy,IceDude,,,HAPPY,COMMON,HAPPY,Lou_Kill_VO,0,,,
emoji_lou_king,,sc/ui.sc,emoji_lou_king,IceDude,IceDudeKing,TRUE,SPECIAL,COLLECTORS,DEFAULT,Lou_Start_VO,0,,,
emoji_lou_king_angry,,sc/ui.sc,emoji_lou_king_angry,IceDude,IceDudeKing,,SPECIAL,COLLECTORS,ANGRY,Lou_Hurt_VO,3,,,
emoji_lou_king_gg,,sc/ui.sc,emoji_lou_king_gg,IceDude,IceDudeKing,,SPECIAL,COLLECTORS,GG,Lou_Kill_VO,5,,,
emoji_lou_king_happy,,sc/ui.sc,emoji_lou_king_happy,IceDude,IceDudeKing,,SPECIAL,COLLECTORS,HAPPY,Lou_Kill_VO,0,,,
emoji_lou_king_phew,,sc/ui.sc,emoji_lou_king_phew,IceDude,IceDudeKing,,SPECIAL,COLLECTORS,PHEW,Lou_Hurt_VO,1,,,
emoji_lou_king_sad,,sc/ui.sc,emoji_lou_king_sad,IceDude,IceDudeKing,,SPECIAL,COLLECTORS,SAD,Lou_Die_VO,2,,,
emoji_lou_king_special,,sc/ui.sc,emoji_lou_king_special,IceDude,IceDudeKing,,SPECIAL,COLLECTORS,SPECIAL,Lou_Ulti_VO,4,,,
emoji_lou_king_thanks,,sc/ui.sc,emoji_lou_king_thanks,IceDude,IceDudeKing,,SPECIAL,COLLECTORS,THANKS,Lou_Kill_VO,3,,,
emoji_lou_phew,,sc/ui.sc,emoji_lou_phew,IceDude,,,SPECIAL,EPIC,PHEW,Lou_Hurt_VO,1,,,
emoji_lou_sad,,sc/ui.sc,emoji_lou_sad,IceDude,,,SAD,COMMON,SAD,Lou_Die_VO,2,,,
emoji_lou_special,,sc/ui.sc,emoji_lou_special,IceDude,,,SPECIAL,EPIC,SPECIAL,Lou_Ulti_VO,4,,,
emoji_lou_thanks,,sc/ui.sc,emoji_lou_thanks,IceDude,,,SPECIAL,EPIC,THANKS,Lou_Kill_VO,3,,,
emoji_nani_special,,sc/ui.sc,emoji_nani_special,Controller,,,SPECIAL,EPIC,SPECIAL,Nani_Kill_VO,0,,,
emoji_brawlmas,,sc/ui.sc,emoji_brawlmas,,,,HAPPY,COLLECTORS,SPECIAL,,,,BrawlMasPack,
emoji_brawlmas_angry,,sc/ui.sc,emoji_brawlmas_angry,,,,ANGRY,COLLECTORS,SPECIAL,,,,BrawlMasGift,
emoji_brawlmas_gg,,sc/ui.sc,emoji_brawlmas_gg,,,,SPECIAL,COLLECTORS,SPECIAL,,,,BrawlMasPack,
emoji_brawlmas_happy,,sc/ui.sc,emoji_brawlmas_happy,,,,HAPPY,COLLECTORS,SPECIAL,,,,BrawlMasGift,
emoji_brawlmas_phew,,sc/ui.sc,emoji_brawlmas_phew,,,,SPECIAL,COLLECTORS,SPECIAL,,,,BrawlMasPack,
emoji_brawlmas_sad,,sc/ui.sc,emoji_brawlmas_sad,,,,SAD,COLLECTORS,SPECIAL,,,,BrawlMasGift,
emoji_brawlmas_special,,sc/ui.sc,emoji_brawlmas_special,,,,SPECIAL,COLLECTORS,SPECIAL,,,,BrawlMasPack,
emoji_brawlmas_thanks,,sc/ui.sc,emoji_brawlmas_thanks,,,,SPECIAL,COLLECTORS,SPECIAL,,,,BrawlMasPack,
emoji_edgar,,sc/ui.sc,emoji_edgar,Enrager,,TRUE,DEFAULT,DEFAULT,DEFAULT,Edgar_Start_VO,4,,,
emoji_edgar_angry,,sc/ui.sc,emoji_edgar_angry,Enrager,,,ANGRY,COMMON,ANGRY,Edgar_Die_VO,0,,,
emoji_edgar_gg,,sc/ui.sc,emoji_edgar_gg,Enrager,,,SPECIAL,RARE,GG,Edgar_Kill_VO,1,,,
emoji_edgar_happy,,sc/ui.sc,emoji_edgar_happy,Enrager,,,HAPPY,COMMON,HAPPY,Edgar_Kill_VO,0,,,
emoji_edgar_phew,,sc/ui.sc,emoji_edgar_phew,Enrager,,,SPECIAL,EPIC,PHEW,Edgar_Die_VO,1,,,
emoji_edgar_sad,,sc/ui.sc,emoji_edgar_sad,Enrager,,,SAD,COMMON,SAD,Edgar_Hurt_VO,0,,,
emoji_edgar_special,,sc/ui.sc,emoji_edgar_special,Enrager,,,SPECIAL,EPIC,SPECIAL,Edgar_Lead_VO,1,,,
emoji_edgar_thanks,,sc/ui.sc,emoji_edgar_thanks,Enrager,,,SPECIAL,EPIC,THANKS,Edgar_Lead_VO,3,,,
emoji_byron,,sc/ui.sc,emoji_byron,SnakeOil,,TRUE,DEFAULT,DEFAULT,DEFAULT,Snakeoil_Start_VO,0,,,
emoji_byron_angry,,sc/ui.sc,emoji_byron_angry,SnakeOil,,,ANGRY,COMMON,ANGRY,Snakeoil_Hurt_VO,1,,,
emoji_byron_gg,,sc/ui.sc,emoji_byron_gg,SnakeOil,,,SPECIAL,RARE,GG,Snakeoil_Start_VO,3,,,
emoji_byron_happy,,sc/ui.sc,emoji_byron_happy,SnakeOil,,,HAPPY,COMMON,HAPPY,Snakeoil_Lead_VO,2,,,
emoji_byron_phew,,sc/ui.sc,emoji_byron_phew,SnakeOil,,,SPECIAL,EPIC,PHEW,Snakeoil_Die_VO,2,,,
emoji_byron_sad,,sc/ui.sc,emoji_byron_sad,SnakeOil,,,SAD,COMMON,SAD,Snakeoil_Die_VO,3,,,
emoji_byron_special,,sc/ui.sc,emoji_byron_special,SnakeOil,,,SPECIAL,EPIC,SPECIAL,Snakeoil_Ulti_VO,1,,,
emoji_byron_thanks,,sc/ui.sc,emoji_byron_thanks,SnakeOil,,,SPECIAL,EPIC,THANKS,Snakeoil_Start_VO,4,,,
emoji_ruffs,,sc/ui.sc,emoji_ruffs,Ruffs,,TRUE,DEFAULT,DEFAULT,DEFAULT,Ruff_Start_VO,3,,,
emoji_ruffs_angry,,sc/ui.sc,emoji_ruffs_angry,Ruffs,,,ANGRY,COMMON,ANGRY,Ruff_Hurt_VO,5,,,
emoji_ruffs_gg,,sc/ui.sc,emoji_ruffs_gg,Ruffs,,,SPECIAL,RARE,GG,Ruff_Lead_VO,2,,,
emoji_ruffs_happy,,sc/ui.sc,emoji_ruffs_happy,Ruffs,,,HAPPY,COMMON,HAPPY,Ruff_Kill_VO,5,,,
emoji_ruffs_phew,,sc/ui.sc,emoji_ruffs_phew,Ruffs,,,SPECIAL,EPIC,PHEW,Ruff_Hurt_VO,7,,,
emoji_ruffs_sad,,sc/ui.sc,emoji_ruffs_sad,Ruffs,,,SAD,COMMON,SAD,Ruff_Die_VO,7,,,
emoji_ruffs_special,,sc/ui.sc,emoji_ruffs_special,Ruffs,,,SPECIAL,EPIC,SPECIAL,Ruff_Ulti_VO,2,,,
emoji_ruffs_thanks,,sc/ui.sc,emoji_ruffs_thanks,Ruffs,,,SPECIAL,EPIC,THANKS,Ruff_Lead_VO,3,,,
emoji_ruffs_ronin,,sc/ui.sc,emoji_ruffs_ronin,Ruffs,RuffsRonin,TRUE,SPECIAL,COLLECTORS,DEFAULT,Ruff_Start_VO,3,,,
emoji_ruffs_ronin_angry,,sc/ui.sc,emoji_ruffs_ronin_angry,Ruffs,RuffsRonin,,SPECIAL,COLLECTORS,ANGRY,Ruff_Hurt_VO,5,,,
emoji_ruffs_ronin_gg,,sc/ui.sc,emoji_ruffs_ronin_gg,Ruffs,RuffsRonin,,SPECIAL,COLLECTORS,GG,Ruff_Lead_VO,2,,,
emoji_ruffs_ronin_happy,,sc/ui.sc,emoji_ruffs_ronin_happy,Ruffs,RuffsRonin,,SPECIAL,COLLECTORS,HAPPY,Ruff_Kill_VO,5,,,
emoji_ruffs_ronin_phew,,sc/ui.sc,emoji_ruffs_ronin_phew,Ruffs,RuffsRonin,,SPECIAL,COLLECTORS,PHEW,Ruff_Hurt_VO,8,,,
emoji_ruffs_ronin_sad,,sc/ui.sc,emoji_ruffs_ronin_sad,Ruffs,RuffsRonin,,SPECIAL,COLLECTORS,SAD,Ruff_Die_VO,7,,,
emoji_ruffs_ronin_special,,sc/ui.sc,emoji_ruffs_ronin_special,Ruffs,RuffsRonin,,SPECIAL,COLLECTORS,SPECIAL,Ruff_Ulti_VO,2,,,
emoji_ruffs_ronin_thanks,,sc/ui.sc,emoji_ruffs_ronin_thanks,Ruffs,RuffsRonin,,SPECIAL,COLLECTORS,THANKS,Ruff_Lead_VO,3,,,
emoji_lny,,sc/ui.sc,emoji_lny,,,,HAPPY,COLLECTORS,SPECIAL,,,,LunarBrawl21,
emoji_lny_angry,,sc/ui.sc,emoji_lny_angry,,,,ANGRY,COLLECTORS,SPECIAL,,,,LunarBrawl21,
emoji_lny_gg,,sc/ui.sc,emoji_lny_gg,,,,SPECIAL,COLLECTORS,SPECIAL,,,,,
emoji_lny_happy,,sc/ui.sc,emoji_lny_happy,,,,HAPPY,COLLECTORS,SPECIAL,,,,LunarBrawl21,
emoji_lny_special,,sc/ui.sc,emoji_lny_special,,,,SPECIAL,COLLECTORS,SPECIAL,,,,LunarBrawl21,
emoji_lny_thanks,,sc/ui.sc,emoji_lny_thanks,,,,SPECIAL,COLLECTORS,SPECIAL,,,,LunarBrawl21,
emoji_stu,,sc/ui.sc,emoji_stu,Roller,,TRUE,DEFAULT,DEFAULT,DEFAULT,Stu_Start_VO,0,,,
emoji_stu_angry,,sc/ui.sc,emoji_stu_angry,Roller,,,ANGRY,COMMON,ANGRY,Stu_Hurt_VO,3,,,
emoji_stu_gg,,sc/ui.sc,emoji_stu_gg,Roller,,,SPECIAL,RARE,GG,Stu_Kill_VO,3,,,
emoji_stu_happy,,sc/ui.sc,emoji_stu_happy,Roller,,,HAPPY,COMMON,HAPPY,Stu_Kill_VO,0,,,
emoji_stu_phew,,sc/ui.sc,emoji_stu_phew,Roller,,,SPECIAL,EPIC,PHEW,Stu_Hurt_VO,1,,,
emoji_stu_sad,,sc/ui.sc,emoji_stu_sad,Roller,,,SAD,COMMON,SAD,Stu_Hurt_VO,2,,,
emoji_stu_special,,sc/ui.sc,emoji_stu_special,Roller,,,SPECIAL,EPIC,SPECIAL,Stu_Lead_VO,4,,,
emoji_stu_thanks,,sc/ui.sc,emoji_stu_thanks,Roller,,,SPECIAL,EPIC,THANKS,Stu_Ulti_VO,1,,,
emoji_belle,,sc/ui.sc,emoji_belle,ElectroSniper,,TRUE,DEFAULT,DEFAULT,DEFAULT,Belle_Start_VO,2,,,
emoji_belle_angry,,sc/ui.sc,emoji_belle_angry,ElectroSniper,,,ANGRY,COMMON,ANGRY,Belle_Die_VO,2,,,
emoji_belle_gg,,sc/ui.sc,emoji_belle_gg,ElectroSniper,,,SPECIAL,RARE,GG,Belle_Lead_VO,4,,,
emoji_belle_happy,,sc/ui.sc,emoji_belle_happy,ElectroSniper,,,HAPPY,COMMON,HAPPY,Belle_Lead_VO,8,,,
emoji_belle_phew,,sc/ui.sc,emoji_belle_phew,ElectroSniper,,,SPECIAL,EPIC,PHEW,Belle_Hurt_VO,5,,,
emoji_belle_sad,,sc/ui.sc,emoji_belle_sad,ElectroSniper,,,SAD,COMMON,SAD,Belle_Hurt_VO,4,,,
emoji_belle_special,,sc/ui.sc,emoji_belle_special,ElectroSniper,,,SPECIAL,EPIC,SPECIAL,Belle_Lead_VO,1,,,
emoji_belle_thanks,,sc/ui.sc,emoji_belle_thanks,ElectroSniper,,,SPECIAL,EPIC,THANKS,Belle_Ulti_VO,4,,,
emoji_belle_boss,,sc/ui.sc,emoji_belle_boss,ElectroSniper,ElectroSniperBoss,TRUE,SPECIAL,COLLECTORS,DEFAULT,Belle_Start_VO,2,,,
emoji_belle_boss_angry,,sc/ui.sc,emoji_belle_boss_angry,ElectroSniper,ElectroSniperBoss,,SPECIAL,COLLECTORS,ANGRY,Belle_Die_VO,2,,,
emoji_belle_boss_gg,,sc/ui.sc,emoji_belle_boss_gg,ElectroSniper,ElectroSniperBoss,,SPECIAL,COLLECTORS,GG,Belle_Lead_VO,4,,,
emoji_belle_boss_happy,,sc/ui.sc,emoji_belle_boss_happy,ElectroSniper,ElectroSniperBoss,,SPECIAL,COLLECTORS,HAPPY,Belle_Lead_VO,8,,,
emoji_belle_boss_phew,,sc/ui.sc,emoji_belle_boss_phew,ElectroSniper,ElectroSniperBoss,,SPECIAL,COLLECTORS,PHEW,Belle_Hurt_VO,5,,,
emoji_belle_boss_sad,,sc/ui.sc,emoji_belle_boss_sad,ElectroSniper,ElectroSniperBoss,,SPECIAL,COLLECTORS,SAD,Belle_Hurt_VO,4,,,
emoji_belle_boss_special,,sc/ui.sc,emoji_belle_boss_special,ElectroSniper,ElectroSniperBoss,,SPECIAL,COLLECTORS,SPECIAL,Belle_Lead_VO,1,,,
emoji_belle_boss_thanks,,sc/ui.sc,emoji_belle_boss_thanks,ElectroSniper,ElectroSniperBoss,,SPECIAL,COLLECTORS,THANKS,Belle_Ulti_VO,4,,,
emoji_squeak,,sc/ui.sc,emoji_squeak,StickyBomb,,TRUE,DEFAULT,DEFAULT,DEFAULT,Squeak_Start_VO,0,,,
emoji_squeak_angry,,sc/ui.sc,emoji_squeak_angry,StickyBomb,,,ANGRY,COMMON,ANGRY,Squeak_Hurt_VO,1,,,
emoji_squeak_gg,,sc/ui.sc,emoji_squeak_gg,StickyBomb,,,SPECIAL,RARE,GG,Squeak_Lead_VO,0,,,
emoji_squeak_happy,,sc/ui.sc,emoji_squeak_happy,StickyBomb,,,HAPPY,COMMON,HAPPY,Squeak_Start_VO,5,,,
emoji_squeak_phew,,sc/ui.sc,emoji_squeak_phew,StickyBomb,,,SPECIAL,EPIC,PHEW,Squeak_Kill_VO,2,,,
emoji_squeak_sad,,sc/ui.sc,emoji_squeak_sad,StickyBomb,,,SAD,COMMON,SAD,Squeak_Die_VO,0,,,
emoji_squeak_special,,sc/ui.sc,emoji_squeak_special,StickyBomb,,,SPECIAL,EPIC,SPECIAL,Squeak_Lead_VO,5,,,
emoji_squeak_thanks,,sc/ui.sc,emoji_squeak_thanks,StickyBomb,,,SPECIAL,EPIC,THANKS,Squeak_Lead_VO,2,,,
emoji_buzz,,sc/ui.sc,emoji_buzz,RopeDude,,TRUE,DEFAULT,DEFAULT,DEFAULT,Buzz_Kill_VO,0,,,
emoji_buzz_angry,,sc/ui.sc,emoji_buzz_angry,RopeDude,,,ANGRY,COMMON,ANGRY,Buzz_Hurt_VO,6,TRUE,,
emoji_buzz_happy,,sc/ui.sc,emoji_buzz_happy,RopeDude,,,HAPPY,COMMON,HAPPY,Buzz_Kill_VO,3,TRUE,,
emoji_buzz_gg,,sc/ui.sc,emoji_buzz_gg,RopeDude,,,SPECIAL,RARE,GG,Buzz_Lead_VO,2,TRUE,,
emoji_buzz_phew,,sc/ui.sc,emoji_buzz_phew,RopeDude,,,SPECIAL,EPIC,PHEW,Buzz_Kill_VO,6,TRUE,,
emoji_buzz_sad,,sc/ui.sc,emoji_buzz_sad,RopeDude,,,SAD,COMMON,SAD,Buzz_Hurt_VO,0,TRUE,,
emoji_buzz_special,,sc/ui.sc,emoji_buzz_special,RopeDude,,,SPECIAL,EPIC,SPECIAL,Buzz_Start_VO,9,TRUE,,
emoji_buzz_thanks,,sc/ui.sc,emoji_buzz_thanks,RopeDude,,,SPECIAL,EPIC,THANKS,Buzz_Start_VO,3,TRUE,,
emoji_griff,,sc/ui.sc,emoji_griff,AssaultShotgun,,TRUE,DEFAULT,DEFAULT,DEFAULT,Griff_Start_VO,0,,,
emoji_griff_angry,,sc/ui.sc,emoji_griff_angry,AssaultShotgun,,,ANGRY,COMMON,ANGRY,Griff_Kill_VO,0,,,
emoji_griff_gg,,sc/ui.sc,emoji_griff_gg,AssaultShotgun,,,SPECIAL,RARE,GG,Griff_Start_VO,4,,,
emoji_griff_phew,,sc/ui.sc,emoji_griff_phew,AssaultShotgun,,,SPECIAL,EPIC,PHEW,Griff_Hurt_VO,5,,,
emoji_griff_sad,,sc/ui.sc,emoji_griff_sad,AssaultShotgun,,,SAD,COMMON,SAD,Griff_Die_VO,1,,,
emoji_griff_special,,sc/ui.sc,emoji_griff_special,AssaultShotgun,,,SPECIAL,EPIC,SPECIAL,Griff_Ulti_VO,1,,,
emoji_griff_thanks,,sc/ui.sc,emoji_griff_thanks,AssaultShotgun,,,SPECIAL,EPIC,THANKS,Griff_Start_VO,8,,,
emoji_griff_happy,,sc/ui.sc,emoji_griff_happy,AssaultShotgun,,,HAPPY,COMMON,HAPPY,Griff_Ulti_VO,0,,,
emoji_champie_confetti,,sc/ui.sc,emoji_champie_confetti,,,,SPECIAL,COLLECTORS,SPECIAL,,,,,
emoji_champie_lighter,,sc/ui.sc,emoji_champie_lighter,,,,SPECIAL,COLLECTORS,SPECIAL,,,,,
emoji_champie_whistle,,sc/ui.sc,emoji_champie_whistle,,,,SPECIAL,COLLECTORS,SPECIAL,,,,,
emoji_8bit_clap,,sc/ui.sc,emoji_8bit_clap,Arcade,,,SPECIAL,RARE,CLAP,Colt_Pin_Clap,0,,,
emoji_amber_clap,,sc/ui.sc,emoji_amber_clap,FireDude,,,SPECIAL,RARE,CLAP,Colt_Pin_Clap,0,,,
emoji_barley_clap,,sc/ui.sc,emoji_barley_clap,Barkeep,,,SPECIAL,RARE,CLAP,Colt_Pin_Clap,0,,,
emoji_bea_clap,,sc/ui.sc,emoji_bea_clap,BeeSniper,,,SPECIAL,RARE,CLAP,Colt_Pin_Clap,0,,,
emoji_belle_clap,,sc/ui.sc,emoji_belle_clap,ElectroSniper,,,SPECIAL,RARE,CLAP,Colt_Pin_Clap,0,,,
emoji_bibi_clap,,sc/ui.sc,emoji_bibi_clap,Baseball,,,SPECIAL,RARE,CLAP,Colt_Pin_Clap,0,,,
emoji_bo_clap,,sc/ui.sc,emoji_bo_clap,BowDude,,,SPECIAL,RARE,CLAP,Colt_Pin_Clap,0,,,
emoji_brock_clap,,sc/ui.sc,emoji_brock_clap,RocketGirl,,,SPECIAL,RARE,CLAP,Colt_Pin_Clap,0,,,
emoji_bull_clap,,sc/ui.sc,emoji_bull_clap,BullDude,,,SPECIAL,RARE,CLAP,Colt_Pin_Clap,0,,,
emoji_buzz_clap,,sc/ui.sc,emoji_buzz_clap,RopeDude,,,SPECIAL,RARE,CLAP,Colt_Pin_Clap,0,,,
emoji_byron_clap,,sc/ui.sc,emoji_byron_clap,SnakeOil,,,SPECIAL,RARE,CLAP,Colt_Pin_Clap,0,,,
emoji_carl_clap,,sc/ui.sc,emoji_carl_clap,Whirlwind,,,SPECIAL,RARE,CLAP,Colt_Pin_Clap,0,,,
emoji_colette_clap,,sc/ui.sc,emoji_colette_clap,Percenter,,,SPECIAL,RARE,CLAP,Colt_Pin_Clap,0,,,
emoji_colt_clap,,sc/ui.sc,emoji_colt_clap,Gunslinger,,,SPECIAL,RARE,CLAP,Colt_Pin_Clap,0,,,
emoji_crow_clap,,sc/ui.sc,emoji_crow_clap,Crow,,,SPECIAL,RARE,CLAP,Colt_Pin_Clap,0,,,
emoji_darryl_clap,,sc/ui.sc,emoji_darryl_clap,BarrelBot,,,SPECIAL,RARE,CLAP,Colt_Pin_Clap,0,,,
emoji_dynamike_clap,,sc/ui.sc,emoji_dynamike_clap,TntDude,,,SPECIAL,RARE,CLAP,Colt_Pin_Clap,0,,,
emoji_edgar_clap,,sc/ui.sc,emoji_edgar_clap,Enrager,,,SPECIAL,RARE,CLAP,Colt_Pin_Clap,0,,,
emoji_emz_clap,,sc/ui.sc,emoji_emz_clap,Mummy,,,SPECIAL,RARE,CLAP,Colt_Pin_Clap,0,,,
emoji_frank_clap,,sc/ui.sc,emoji_frank_clap,HammerDude,,,SPECIAL,RARE,CLAP,Colt_Pin_Clap,0,,,
emoji_gale_clap,,sc/ui.sc,emoji_gale_clap,Blower,,,SPECIAL,RARE,CLAP,Colt_Pin_Clap,0,,,
emoji_gene_clap,,sc/ui.sc,emoji_gene_clap,HookDude,,,SPECIAL,RARE,CLAP,Colt_Pin_Clap,0,,,
emoji_griff_clap,,sc/ui.sc,emoji_griff_clap,AssaultShotgun,,,SPECIAL,RARE,CLAP,Colt_Pin_Clap,0,,,
emoji_jacky_clap,,sc/ui.sc,emoji_jacky_clap,Driller,,,SPECIAL,RARE,CLAP,Colt_Pin_Clap,0,,,
emoji_jessie_clap,,sc/ui.sc,emoji_jessie_clap,Mechanic,,,SPECIAL,RARE,CLAP,Colt_Pin_Clap,0,,,
emoji_leon_clap,,sc/ui.sc,emoji_leon_clap,Ninja,,,SPECIAL,RARE,CLAP,Colt_Pin_Clap,0,,,
emoji_lou_clap,,sc/ui.sc,emoji_lou_clap,IceDude,,,SPECIAL,RARE,CLAP,Colt_Pin_Clap,0,,,
emoji_max_clap,,sc/ui.sc,emoji_max_clap,Speedy,,,SPECIAL,RARE,CLAP,Colt_Pin_Clap,0,,,
emoji_mortis_clap,,sc/ui.sc,emoji_mortis_clap,Undertaker,,,SPECIAL,RARE,CLAP,Colt_Pin_Clap,0,,,
emoji_mrp_clap,,sc/ui.sc,emoji_mrp_clap,SpawnerDude,,,SPECIAL,RARE,CLAP,Colt_Pin_Clap,0,,,
emoji_nani_clap,,sc/ui.sc,emoji_nani_clap,Controller,,,SPECIAL,RARE,CLAP,Colt_Pin_Clap,0,,,
emoji_nita_clap,,sc/ui.sc,emoji_nita_clap,Shaman,,,SPECIAL,RARE,CLAP,Colt_Pin_Clap,0,,,
emoji_pam_clap,,sc/ui.sc,emoji_pam_clap,MinigunDude,,,SPECIAL,RARE,CLAP,Colt_Pin_Clap,0,,,
emoji_penny_clap,,sc/ui.sc,emoji_penny_clap,ArtilleryDude,,,SPECIAL,RARE,CLAP,Colt_Pin_Clap,0,,,
emoji_piper_clap,,sc/ui.sc,emoji_piper_clap,Sniper,,,SPECIAL,RARE,CLAP,Colt_Pin_Clap,0,,,
emoji_poco_clap,,sc/ui.sc,emoji_poco_clap,DeadMariachi,,,SPECIAL,RARE,CLAP,Colt_Pin_Clap,0,,,
emoji_primo_clap,,sc/ui.sc,emoji_primo_clap,Luchador,,,SPECIAL,RARE,CLAP,Colt_Pin_Clap,0,,,
emoji_rico_clap,,sc/ui.sc,emoji_rico_clap,TrickshotDude,,,SPECIAL,RARE,CLAP,Colt_Pin_Clap,0,,,
emoji_rosa_clap,,sc/ui.sc,emoji_rosa_clap,Rosa,,,SPECIAL,RARE,CLAP,Colt_Pin_Clap,0,,,
emoji_ruffs_clap,,sc/ui.sc,emoji_ruffs_clap,Ruffs,,,SPECIAL,RARE,CLAP,Colt_Pin_Clap,0,,,
emoji_sandy_clap,,sc/ui.sc,emoji_sandy_clap,Sandstorm,,,SPECIAL,RARE,CLAP,Colt_Pin_Clap,0,,,
emoji_shelly_clap,,sc/ui.sc,emoji_shelly_clap,ShotgunGirl,,,SPECIAL,RARE,CLAP,Colt_Pin_Clap,0,,,
emoji_spike_clap,,sc/ui.sc,emoji_spike_clap,Cactus,,,SPECIAL,RARE,CLAP,Colt_Pin_Clap,0,,,
emoji_sprout_clap,,sc/ui.sc,emoji_sprout_clap,Wally,,,SPECIAL,RARE,CLAP,Colt_Pin_Clap,0,,,
emoji_squeak_clap,,sc/ui.sc,emoji_squeak_clap,StickyBomb,,,SPECIAL,RARE,CLAP,Colt_Pin_Clap,0,,,
emoji_stu_clap,,sc/ui.sc,emoji_stu_clap,Roller,,,SPECIAL,RARE,CLAP,Colt_Pin_Clap,0,,,
emoji_surge_clap,,sc/ui.sc,emoji_surge_clap,PowerLeveler,,,SPECIAL,RARE,CLAP,Colt_Pin_Clap,0,,,
emoji_tara_clap,,sc/ui.sc,emoji_tara_clap,BlackHole,,,SPECIAL,RARE,CLAP,Colt_Pin_Clap,0,,,
emoji_tick_clap,,sc/ui.sc,emoji_tick_clap,ClusterBombDude,,,SPECIAL,RARE,CLAP,Colt_Pin_Clap,0,,,
emoji_belle_boss_clap,,sc/ui.sc,emoji_belle_boss_clap,ElectroSniper,ElectroSniperBoss,,SPECIAL,COLLECTORS,CLAP,Colt_Pin_Clap,0,,,
emoji_colette_trixie_clap,,sc/ui.sc,emoji_colette_trixie_clap,Percenter,PercenterTrixie,,SPECIAL,COLLECTORS,CLAP,Colt_Pin_Clap,0,,,
emoji_gale_trader_clap,,sc/ui.sc,emoji_gale_trader_clap,Blower,BlowerTrader,,SPECIAL,COLLECTORS,CLAP,Colt_Pin_Clap,0,,,
emoji_lou_king_clap,,sc/ui.sc,emoji_lou_king_clap,IceDude,IceDudeKing,,SPECIAL,COLLECTORS,CLAP,Colt_Pin_Clap,0,,,
emoji_rosa_halloween_clap,,sc/ui.sc,emoji_rosa_halloween_clap,Rosa,RosaRosaBrawloween,,SPECIAL,COLLECTORS,CLAP,Colt_Pin_Clap,0,,,
emoji_ruffs_ronin_clap,,sc/ui.sc,emoji_ruffs_ronin_clap,Ruffs,RuffsRonin,,SPECIAL,COLLECTORS,CLAP,Colt_Pin_Clap,0,,,
emoji_surge_paladin_clap,,sc/ui.sc,emoji_surge_paladin_clap,PowerLeveler,PowerLevelerKnight,,SPECIAL,COLLECTORS,CLAP,Colt_Pin_Clap,0,,,
emoji_buzz_punk_clap,,sc/ui.sc,emoji_buzz_punk_clap,RopeDude,RopeDudePunk,,SPECIAL,COLLECTORS,CLAP,Colt_Pin_Clap,0,,,
emoji_buzz_punk,,sc/ui.sc,emoji_buzz_punk,RopeDude,RopeDudePunk,TRUE,SPECIAL,COLLECTORS,DEFAULT,Buzz_Kill_VO,0,,,
emoji_buzz_punk_angry,,sc/ui.sc,emoji_buzz_punk_angry,RopeDude,RopeDudePunk,,SPECIAL,COLLECTORS,ANGRY,Buzz_Hurt_VO,6,,,
emoji_buzz_punk_gg,,sc/ui.sc,emoji_buzz_punk_gg,RopeDude,RopeDudePunk,,SPECIAL,COLLECTORS,GG,Buzz_Lead_VO,2,,,
emoji_buzz_punk_happy,,sc/ui.sc,emoji_buzz_punk_happy,RopeDude,RopeDudePunk,,SPECIAL,COLLECTORS,HAPPY,Buzz_Ulti_Atk_Dog,0,,,
emoji_buzz_punk_phew,,sc/ui.sc,emoji_buzz_punk_phew,RopeDude,RopeDudePunk,,SPECIAL,COLLECTORS,PHEW,Buzz_Kill_VO,6,,,
emoji_buzz_punk_sad,,sc/ui.sc,emoji_buzz_punk_sad,RopeDude,RopeDudePunk,,SPECIAL,COLLECTORS,SAD,Buzz_Hurt_VO,0,,,
emoji_buzz_punk_special,,sc/ui.sc,emoji_buzz_punk_special,RopeDude,RopeDudePunk,,SPECIAL,COLLECTORS,SPECIAL,Buzz_Ulti_Atk_Dog,0,,,
emoji_buzz_punk_thanks,,sc/ui.sc,emoji_buzz_punk_thanks,RopeDude,RopeDudePunk,,SPECIAL,COLLECTORS,THANKS,Buzz_Start_VO,3,,,
emoji_darryl_megabox,,sc/ui.sc,emoji_darryl_megabox,BarrelBot,BarrelBotMegabox,,SPECIAL,COLLECTORS,DEFAULT,Darryl_Start_VO,1,,,
emoji_ash,,sc/ui.sc,emoji_ash,Knight,,TRUE,DEFAULT,DEFAULT,DEFAULT,Ash_Start_VO,0,,,
emoji_ash_angry,,sc/ui.sc,emoji_ash_angry,Knight,,,ANGRY,COMMON,ANGRY,Ash_Hurt_VO,1,TRUE,,
emoji_ash_happy,,sc/ui.sc,emoji_ash_happy,Knight,,,HAPPY,COMMON,HAPPY,Ash_Lead_VO,3,TRUE,,
emoji_ash_gg,,sc/ui.sc,emoji_ash_gg,Knight,,,SPECIAL,RARE,GG,Ash_Lead_VO,4,TRUE,,
emoji_ash_phew,,sc/ui.sc,emoji_ash_phew,Knight,,,SPECIAL,EPIC,PHEW,Ash_Die_VO,2,TRUE,,
emoji_ash_sad,,sc/ui.sc,emoji_ash_sad,Knight,,,SAD,COMMON,SAD,Ash_Die_VO,5,TRUE,,
emoji_ash_special,,sc/ui.sc,emoji_ash_special,Knight,,,SPECIAL,EPIC,SPECIAL,Ash_Lead_VO,1,TRUE,,
emoji_ash_thanks,,sc/ui.sc,emoji_ash_thanks,Knight,,,SPECIAL,EPIC,THANKS,Ash_Start_VO,1,TRUE,,
emoji_ash_clap,,sc/ui.sc,emoji_ash_clap,Knight,,,SPECIAL,RARE,CLAP,Colt_Pin_Clap,0,TRUE,,
emoji_ash_ninja,,sc/ui.sc,emoji_ash_ninja,Knight,KnightNinja,TRUE,SPECIAL,COLLECTORS,DEFAULT,Ash_Start_VO,0,,,
emoji_ash_ninja_angry,,sc/ui.sc,emoji_ash_ninja_angry,Knight,KnightNinja,,SPECIAL,COLLECTORS,ANGRY,Ash_Hurt_VO,1,,WorldFinals,
emoji_ash_ninja_gg,,sc/ui.sc,emoji_ash_ninja_gg,Knight,KnightNinja,,SPECIAL,COLLECTORS,GG,Ash_Lead_VO,4,,,
emoji_ash_ninja_happy,,sc/ui.sc,emoji_ash_ninja_happy,Knight,KnightNinja,,SPECIAL,COLLECTORS,HAPPY,Ash_Lead_VO,3,,,
emoji_ash_ninja_phew,,sc/ui.sc,emoji_ash_ninja_phew,Knight,KnightNinja,,SPECIAL,COLLECTORS,PHEW,Ash_Die_VO,2,,,
emoji_ash_ninja_sad,,sc/ui.sc,emoji_ash_ninja_sad,Knight,KnightNinja,,SPECIAL,COLLECTORS,SAD,Ash_Die_VO,5,,,
emoji_ash_ninja_special,,sc/ui.sc,emoji_ash_ninja_special,Knight,KnightNinja,,SPECIAL,COLLECTORS,SPECIAL,Ash_Lead_VO,1,,,
emoji_ash_ninja_thanks,,sc/ui.sc,emoji_ash_ninja_thanks,Knight,KnightNinja,,SPECIAL,COLLECTORS,THANKS,Ash_Start_VO,1,,,
emoji_ash_ninja_clap,,sc/ui.sc,emoji_ash_ninja_clap,Knight,KnightNinja,,SPECIAL,COLLECTORS,CLAP,Colt_Pin_Clap,0,,,
emoji_champie_whiteflag,,sc/ui.sc,emoji_champie_whiteflag,,,,SAD,COLLECTORS,SPECIAL,,,,,
emoji_champie_bluefinger,,sc/ui.sc,emoji_champie_bluefinger,,,,HAPPY,COLLECTORS,SPECIAL,,,,,
emoji_champie_redfinger,,sc/ui.sc,emoji_champie_redfinger,,,,HAPPY,COLLECTORS,SPECIAL,,,,,
emoji_champie_thuglife,,sc/ui.sc,emoji_champie_thuglife,,,,SPECIAL,COLLECTORS,SPECIAL,,,,,
emoji_champie_thumbsdown,,sc/ui.sc,emoji_champie_thumbsdown,,,,ANGRY,COLLECTORS,SPECIAL,,,,,
emoji_champie_holdthetrophy,,sc/ui.sc,emoji_champie_holdthetrophy,,,,SPECIAL,COLLECTORS,SPECIAL,,,,,
emoji_sprout_prince_red,,sc/ui.sc,emoji_sprout_prince_red,Wally,WallyPrinceChroma,,SPECIAL,COLLECTORS,DEFAULT,,,,,
emoji_sprout_prince_green,,sc/ui.sc,emoji_sprout_prince_green,Wally,WallyPrince,,SPECIAL,COLLECTORS,DEFAULT,,,,,
emoji_elprimo_dragon_pink,,sc/ui.sc,emoji_elprimo_dragon_pink,Luchador,LuchadorDragonChroma,,SPECIAL,COLLECTORS,DEFAULT,,,,,
emoji_elprimo_dragon_green,,sc/ui.sc,emoji_elprimo_dragon_green,Luchador,LuchadorDragon,,SPECIAL,COLLECTORS,DEFAULT,,,,,
emoji_meg,,sc/ui.sc,emoji_meg,MechaDude,,TRUE,DEFAULT,DEFAULT,DEFAULT,Meg_start_vo,5,,,
emoji_meg_angry,,sc/ui.sc,emoji_meg_angry,MechaDude,,,ANGRY,COMMON,ANGRY,Meg_die_vo,0,,,
emoji_meg_gg,,sc/ui.sc,emoji_meg_gg,MechaDude,,,SPECIAL,RARE,GG,Meg_lead_vo,0,,,
emoji_meg_happy,,sc/ui.sc,emoji_meg_happy,MechaDude,,,HAPPY,COMMON,HAPPY,Meg_start_vo,3,,,
emoji_meg_phew,,sc/ui.sc,emoji_meg_phew,MechaDude,,,SPECIAL,EPIC,PHEW,Meg_hurt_vo,1,,,
emoji_meg_sad,,sc/ui.sc,emoji_meg_sad,MechaDude,,,SAD,COMMON,SAD,Meg_die_vo,5,,,
emoji_meg_special,,sc/ui.sc,emoji_meg_special,MechaDude,,,SPECIAL,EPIC,SPECIAL,Meg_ulti_vo,3,,,
emoji_meg_thanks,,sc/ui.sc,emoji_meg_thanks,MechaDude,,,SPECIAL,EPIC,THANKS,Meg_kill_vo,0,,,
emoji_meg_clap,,sc/ui.sc,emoji_meg_clap,MechaDude,,,SPECIAL,RARE,CLAP,Colt_Pin_Clap,0,,,
emoji_spike_darklord_happy,,sc/ui.sc,emoji_spike_darklord_happy,Cactus,CactusLord,,HAPPY,COLLECTORS,HAPPY,Spike_Robo_Laugh,0,,,
emoji_barley_retro,,sc/ui.sc,emoji_barley_retro,Barkeep,BarkeepMs,,DEFAULT,COLLECTORS,DEFAULT,Barley_Die,1,,Retropolis,
emoji_brock_retro,,sc/ui.sc,emoji_brock_retro,RocketGirl,RocketGirlHotrod,,DEFAULT,COLLECTORS,DEFAULT,Brock_start_vo,2,,Retropolis,
emoji_carl_retro,,sc/ui.sc,emoji_carl_retro,Whirlwind,WhirlwindRR,,DEFAULT,COLLECTORS,DEFAULT,Carl_start_vo,0,,Retropolis,
emoji_mortis_retro,,sc/ui.sc,emoji_mortis_retro,Undertaker,UndertakerGreaser,,DEFAULT,COLLECTORS,DEFAULT,Mortis_start,3,,Retropolis,
emoji_8bit_retro,,sc/ui.sc,emoji_8bit_retro,Arcade,ArcadeClassic,,DEFAULT,COLLECTORS,DEFAULT,8bit_start_vo,0,,Retropolis,
emoji_lolla,,sc/ui.sc,emoji_lolla,Duplicator,,TRUE,DEFAULT,DEFAULT,DEFAULT,Lolla_Start_VO,2,,,
emoji_lolla_angry,,sc/ui.sc,emoji_lolla_angry,Duplicator,,,ANGRY,COMMON,ANGRY,Lolla_Hurt_VO,0,TRUE,,
emoji_lolla_happy,,sc/ui.sc,emoji_lolla_happy,Duplicator,,,HAPPY,COMMON,HAPPY,Lolla_Kill_VO,5,TRUE,,
emoji_lolla_gg,,sc/ui.sc,emoji_lolla_gg,Duplicator,,,SPECIAL,RARE,GG,Lolla_Lead_VO,2,TRUE,,
emoji_lolla_phew,,sc/ui.sc,emoji_lolla_phew,Duplicator,,,SPECIAL,EPIC,PHEW,Lolla_Die_VO,3,TRUE,,
emoji_lolla_sad,,sc/ui.sc,emoji_lolla_sad,Duplicator,,,SAD,COMMON,SAD,Lolla_Die_VO,0,TRUE,,
emoji_lolla_special,,sc/ui.sc,emoji_lolla_special,Duplicator,,,SPECIAL,EPIC,SPECIAL,Lolla_Ulti_VO,0,TRUE,,
emoji_lolla_thanks,,sc/ui.sc,emoji_lolla_thanks,Duplicator,,,SPECIAL,EPIC,THANKS,Lolla_Lead_VO,0,TRUE,,
emoji_lolla_clap,,sc/ui.sc,emoji_lolla_clap,Duplicator,,,SPECIAL,RARE,CLAP,Colt_Pin_Clap,0,TRUE,,
emoji_lolla_chola,,sc/ui.sc,emoji_lolla_chola,Duplicator,DuplicatorChola,TRUE,SPECIAL,COLLECTORS,DEFAULT,Lolla_Start_VO,2,,,
emoji_lolla_chola_angry,,sc/ui.sc,emoji_lolla_chola_angry,Duplicator,DuplicatorChola,,SPECIAL,COLLECTORS,ANGRY,Lolla_Hurt_VO,0,,,
emoji_lolla_chola_gg,,sc/ui.sc,emoji_lolla_chola_gg,Duplicator,DuplicatorChola,,SPECIAL,COLLECTORS,GG,Lolla_Lead_VO,2,,,
emoji_lolla_chola_happy,,sc/ui.sc,emoji_lolla_chola_happy,Duplicator,DuplicatorChola,,SPECIAL,COLLECTORS,HAPPY,Lolla_Kill_VO,5,,,
emoji_lolla_chola_phew,,sc/ui.sc,emoji_lolla_chola_phew,Duplicator,DuplicatorChola,,SPECIAL,COLLECTORS,PHEW,Lolla_Die_VO,3,,,
emoji_lolla_chola_sad,,sc/ui.sc,emoji_lolla_chola_sad,Duplicator,DuplicatorChola,,SPECIAL,COLLECTORS,SAD,Lolla_Die_VO,0,,,
emoji_lolla_chola_special,,sc/ui.sc,emoji_lolla_chola_special,Duplicator,DuplicatorChola,,SPECIAL,COLLECTORS,SPECIAL,Lolla_Ulti_VO,0,,,
emoji_lolla_chola_thanks,,sc/ui.sc,emoji_lolla_chola_thanks,Duplicator,DuplicatorChola,,SPECIAL,COLLECTORS,THANKS,Lolla_Lead_VO,0,,,
emoji_lolla_chola_clap,,sc/ui.sc,emoji_lolla_chola_clap,Duplicator,DuplicatorChola,,SPECIAL,COLLECTORS,CLAP,Colt_Pin_Clap,0,,,
emoji_gene_brawloween,,sc/ui.sc,emoji_gene_brawloween,HookDude,HookDudeSwamp,,DEFAULT,COLLECTORS,DEFAULT,Gene_vo,2,,Brawloween,
emoji_mrp_brawloween,,sc/ui.sc,emoji_mrp_brawloween,SpawnerDude,SpawnerDudeDracula,,DEFAULT,COLLECTORS,DEFAULT,Mrp_Lead_VO,1,,Brawloween,
emoji_piper_brawloween,,sc/ui.sc,emoji_piper_brawloween,Sniper,Sniperrose,,DEFAULT,COLLECTORS,DEFAULT,Piper_Start,0,,Brawloween,
emoji_shelly_brawloween,,sc/ui.sc,emoji_shelly_brawloween,ShotgunGirl,ShotgunGirlWitch,,DEFAULT,COLLECTORS,DEFAULT,Shelly_Start,3,,Brawloween,
emoji_squeak_brawloween,,sc/ui.sc,emoji_squeak_brawloween,StickyBomb,StickyBombGhost,,DEFAULT,COLLECTORS,DEFAULT,Squeak_Start_VO,0,,Brawloween,
emoji_leon_brawloween,,sc/ui.sc,emoji_leon_brawloween,Ninja,NinjaWolf,,DEFAULT,COLLECTORS,DEFAULT,Leon_start_vo,2,,Brawloween,
emoji_stu_brawloween,,sc/ui.sc,emoji_stu_brawloween,Roller,RollerHeadless,,DEFAULT,COLLECTORS,DEFAULT,Stu_Start_VO,0,,Brawloween,
emoji_pumpkin_brawloween,,sc/ui.sc,emoji_pumpkin_brawloween,,,,HAPPY,COLLECTORS,SPECIAL,,,,,
emoji_champie_singlesday,,sc/ui.sc,emoji_champie_singlesday,,,,SPECIAL,COLLECTORS,SPECIAL,,,,,
49a91fdbc1bcc4315a1d6a62036f61cac43c5c6f,true,sc/ui.sc,emoji_8bit,c40e04a2c11fef1c9e5ad740e344f6571f5e7d05,,TRUE,DEFAULT,DEFAULT,DEFAULT,8bit_start_vo,0,,,
c5cdd094eb191fabf84e387c7d076fcc060df929,true,sc/ui.sc,emoji_8bit,c40e04a2c11fef1c9e5ad740e344f6571f5e7d05,,TRUE,DEFAULT,DEFAULT,DEFAULT,8bit_start_vo,0,,,
c32e31610b226b06f408543576bf4af614bf15a5,true,sc/ui.sc,emoji_8bit,c40e04a2c11fef1c9e5ad740e344f6571f5e7d05,,TRUE,DEFAULT,DEFAULT,DEFAULT,8bit_start_vo,0,,,
d1459f92a33e3b33feb9f35529096355423837a8,true,sc/ui.sc,emoji_8bit,c40e04a2c11fef1c9e5ad740e344f6571f5e7d05,,TRUE,DEFAULT,DEFAULT,DEFAULT,8bit_start_vo,0,,,
b11162fe25304c6c4b0fe6e4cb9a142d549c8895,true,sc/ui.sc,emoji_8bit,c40e04a2c11fef1c9e5ad740e344f6571f5e7d05,,TRUE,DEFAULT,DEFAULT,DEFAULT,8bit_start_vo,0,,,
7f475d0de7b18acd5945165387201c7afe20559e,true,sc/ui.sc,emoji_8bit,c40e04a2c11fef1c9e5ad740e344f6571f5e7d05,,TRUE,DEFAULT,DEFAULT,DEFAULT,8bit_start_vo,0,,,
6fcaf757138681eebd63c214ca9ffe7aa4ca37b8,true,sc/ui.sc,emoji_8bit,c40e04a2c11fef1c9e5ad740e344f6571f5e7d05,,TRUE,DEFAULT,DEFAULT,DEFAULT,8bit_start_vo,0,,,
b621c92a8de2fc8b487d99129310c10510df8d98,true,sc/ui.sc,emoji_8bit,c40e04a2c11fef1c9e5ad740e344f6571f5e7d05,,TRUE,DEFAULT,DEFAULT,DEFAULT,8bit_start_vo,0,,,
6ec6c50da5fa0220818f6dd25b616598b6b0dc42,true,sc/ui.sc,emoji_8bit,c40e04a2c11fef1c9e5ad740e344f6571f5e7d05,,TRUE,DEFAULT,DEFAULT,DEFAULT,8bit_start_vo,0,,,
emoji_brawlmas_wreath,,sc/ui.sc,emoji_brawlmas_wreath,,,,HAPPY,COLLECTORS,SPECIAL,,,,,
